date,open,close,high,low,volume,code
2018/1/2,11079.64,11178.05,11178.05,11072.87,163737774,399001
2018/1/3,11181.18,11280.3,11316.46,11171.12,198404750,399001
2018/1/4,11270.91,11341.35,11341.35,11259.46,180376491,399001
2018/1/5,11339.57,11342.85,11372.29,11310.29,187950133,399001
2018/1/8,11343.82,11382.72,11386.04,11287.6,203604071,399001
2018/1/9,11371.93,11447.09,11449.6,11358.13,184081836,399001
2018/1/10,11439.22,11437.08,11446.41,11345.1,196342709,399001
2018/1/11,11411.58,11464.2,11482.81,11372.36,189897902,399001
2018/1/12,11459.46,11461.99,11496.53,11420.26,186021470,399001
2018/1/15,11453.33,11307.46,11476.58,11277.31,224433734,399001
2018/1/16,11283.6,11386.91,11402.46,11283.29,192863411,399001
2018/1/17,11366.6,11303.97,11367.16,11185.92,213515921,399001
2018/1/18,11287.64,11319.91,11375.11,11279.42,155610115,399001
2018/1/19,11314.46,11296.27,11393.04,11276.57,183429288,399001
2018/1/22,11289.86,11513.08,11513.08,11273.69,181074818,399001
2018/1/23,11514.56,11555.25,11564.95,11493.74,174188769,399001
2018/1/24,11548.21,11607.57,11613.96,11456.26,210735223,399001
2018/1/25,11588.38,11552.56,11633.46,11548.68,213762239,399001
2018/1/26,11524.7,11557.82,11605.13,11512.94,175611738,399001
2018/1/29,11547.68,11352.72,11556.65,11323.69,199666078,399001
2018/1/30,11319.97,11278.78,11370,11260.31,157973243,399001
2018/1/31,11210.06,11159.68,11244.18,11119.32,194794973,399001
2018/2/1,11145.41,10864.34,11171.36,10836.35,224818677,399001
2018/2/2,10794.13,10925.16,10933.16,10663.54,184626569,399001
2018/2/5,10761.08,10836.25,10873.24,10741.85,148705223,399001
2018/2/6,10603.54,10377.61,10685.16,10377.61,196877410,399001
2018/2/7,10563.31,10246.97,10599.54,10173.66,185364908,399001
2018/2/8,10219.39,10372.59,10411.2,10219.21,154429802,399001
2018/2/9,10096.46,10001.23,10172.78,9868.83,193571354,399001
2018/2/12,10059.86,10291.88,10325.68,10059.86,144996154,399001
2018/2/13,10367.68,10362.43,10486.81,10350.17,142167333,399001
2018/2/14,10381.16,10431.91,10433.09,10319.15,100082438,399001
2018/2/22,10547.81,10658.94,10667.8,10526.98,136170478,399001
2018/2/23,10667.81,10662.79,10700.11,10578.79,140530855,399001
2018/2/26,10731.31,10895.56,10920.21,10670.17,200183490,399001
2018/2/27,10898.29,10807.53,10915.36,10791.95,195932779,399001
2018/2/28,10705.81,10828.73,10875.71,10656.36,186638953,399001
2018/3/1,10754.62,10943.13,10943.13,10732.93,190070304,399001
2018/3/2,10857.87,10856.25,10947.39,10840.01,184646816,399001
2018/3/5,10882.87,10875.68,10913.03,10813.46,159549538,399001
2018/3/6,10909.28,11007.95,11007.95,10873.85,206525497,399001
2018/3/7,10993.95,10904.99,11031.48,10897.58,179148337,399001
2018/3/8,10902.35,11019.08,11019.08,10892.18,165203174,399001
2018/3/9,11040.37,11194.91,11203.72,11030.55,234555468,399001
2018/3/12,11266.32,11326.27,11328.77,11260.46,261773246,399001
2018/3/13,11311.04,11241.41,11335.3,11236.38,227848425,399001
2018/3/14,11198.77,11139.63,11242.3,11138.39,196067737,399001
2018/3/15,11100.53,11163.65,11195.94,11051.62,187573554,399001
2018/3/16,11166.43,11051.12,11192.36,11051.12,169598355,399001
2018/3/19,11046.03,11068.49,11120.75,10994.68,165819447,399001
2018/3/20,10982.73,11077.8,11082.03,10951.99,177360077,399001
2018/3/21,11100.91,10980.55,11170.56,10973.58,202472474,399001
2018/3/22,10988.83,10877.25,11035.58,10858.44,175778163,399001
2018/3/23,10511.16,10439.99,10664.93,10256.5,282412822,399001
2018/3/26,10303.75,10564.38,10564.38,10217.22,195798888,399001
2018/3/27,10683.16,10775.71,10799.37,10675.5,222882762,399001
2018/3/28,10633.7,10630.69,10768.48,10613.06,204801306,399001
2018/3/29,10676.56,10755.92,10778.8,10564.29,192574640,399001
2018/3/30,10776.71,10868.66,10883.05,10766.53,209103163,399001
2018/4/2,10887.47,10852.95,10950.22,10835.71,238742940,399001
2018/4/3,10718.43,10754.29,10783.93,10667.33,208204043,399001
2018/4/4,10778.86,10684.56,10829.82,10678.94,193163743,399001
2018/4/9,10655.07,10653.38,10725.11,10571.16,185794685,399001
2018/4/10,10671.69,10765.62,10765.62,10628.24,199741594,399001
2018/4/11,10796.5,10808.37,10856.44,10786.84,191004361,399001
2018/4/12,10797.35,10726.96,10825.66,10720.83,171686889,399001
2018/4/13,10789.77,10687.02,10825.67,10670.65,161837312,399001
2018/4/16,10660.69,10621.79,10704.39,10540.69,188159462,399001
2018/4/17,10636.88,10395.16,10669.15,10390.05,202286400,399001
2018/4/18,10477.52,10491.15,10514.74,10249.87,215834944,399001
2018/4/19,10502.36,10598.35,10646.7,10485.41,203988578,399001
2018/4/20,10571.99,10408.91,10619.17,10392.69,196805692,399001
2018/4/23,10416.78,10330.63,10471.21,10228.09,179579807,399001
2018/4/24,10325.51,10556.82,10556.82,10325.51,190970006,399001
2018/4/25,10503.94,10547.1,10579.18,10488.87,183348346,399001
2018/4/26,10495.03,10292.12,10508.01,10290.37,186332439,399001
2018/4/27,10353.02,10324.47,10382.77,10239.97,164776511,399001
2018/5/2,10356.19,10342.85,10433.28,10283.52,160567095,399001
2018/5/3,10329.16,10458.62,10459.38,10228.26,177743321,399001
2018/5/4,10428.85,10426.19,10490.06,10411.83,150582422,399001
2018/5/7,10456.43,10626.51,10626.51,10450.49,174177180,399001
2018/5/8,10632.11,10707.8,10721.98,10630.58,182770938,399001
2018/5/9,10693.21,10689.07,10705.15,10639.92,169498644,399001
2018/5/10,10706.73,10729.77,10742.64,10651.87,180925300,399001
2018/5/11,10748.89,10634.3,10752.83,10634.23,180171412,399001
2018/5/14,10649.11,10671.46,10723.79,10641.29,169570273,399001
2018/5/15,10692.82,10747.99,10747.99,10632.55,157932634,399001
2018/5/16,10713.59,10701.32,10776.43,10691.14,165521883,399001
2018/5/17,10702.07,10635.5,10713.71,10615.92,150682885,399001
2018/5/18,10623.91,10672.52,10679.51,10557.75,154568052,399001
2018/5/21,10741.19,10765.35,10789.76,10731.61,191005737,399001
2018/5/22,10754.7,10765.8,10765.8,10689.51,179543850,399001
2018/5/23,10746.82,10631.12,10746.82,10631.12,186496581,399001
2018/5/24,10632.5,10564.13,10657.45,10552.35,158449317,399001
2018/5/25,10550.63,10448.22,10576.81,10435.95,172760872,399001
2018/5/28,10439.65,10465.54,10536.57,10382.72,169664088,399001
2018/5/29,10446.99,10349.07,10517.14,10347.94,168436143,399001
2018/5/30,10203.66,10105.79,10252.15,10097.48,197606894,399001
2018/5/31,10178.96,10295.73,10295.73,10115.66,174687655,399001
2018/6/1,10247.16,10169.35,10280.74,10122.99,162718880,399001
2018/6/4,10192.04,10204.32,10237.6,10148.69,145772249,399001
2018/6/5,10216.63,10385.61,10385.61,10216.02,152789658,399001
2018/6/6,10375.26,10365.13,10403.93,10337.71,145456730,399001
2018/6/7,10397.65,10313.85,10411.56,10308.06,147571355,399001
2018/6/8,10290.63,10205.52,10291.9,10136.58,151727244,399001
2018/6/11,10191.31,10175.35,10242.76,10141.27,131225344,399001
2018/6/12,10187.31,10315.28,10323,10124.98,142568223,399001
2018/6/13,10280.08,10161.65,10288,10161.39,142851632,399001
2018/6/14,10124.76,10084.18,10213.79,10054.37,130720916,399001
2018/6/15,10077.43,9943.13,10108.53,9902.63,159964433,399001
2018/6/19,9775.97,9414.76,9815.01,9336.7,214212671,399001
2018/6/20,9367.74,9501.34,9549.53,9310.19,169974561,399001
2018/6/21,9493.5,9316.68,9573.49,9313.09,173337573,399001
2018/6/22,9247.02,9409.95,9416.09,9172.3,152509541,399001
2018/6/25,9472.91,9324.83,9494.44,9320.66,150021423,399001
2018/6/26,9201,9339.37,9364.51,9175.39,163332503,399001
2018/6/27,9338.01,9168.66,9378.08,9139.82,158240662,399001
2018/6/28,9130.52,9071.73,9230.89,9065.2,152800208,399001
2018/6/29,9100.6,9379.47,9381.03,9078.24,180437085,399001
2018/7/2,9369.24,9179.8,9393.1,9107.55,180839646,399001
2018/7/3,9184.31,9221.54,9233.02,8945.42,193249685,399001
2018/7/4,9182.96,9035.49,9200.27,9008.09,170891455,399001
2018/7/5,9036.12,8862.18,9096.54,8844.67,163346226,399001
2018/7/6,8873.9,8911.34,9035.45,8736.36,186062997,399001
2018/7/9,8954.31,9160.62,9160.62,8954.31,161689088,399001
2018/7/10,9176.29,9205.43,9213.87,9123.22,163300557,399001
2018/7/11,9024.72,9023.82,9092.88,8916.98,178766515,399001
2018/7/12,9019.96,9273.61,9312.38,9019.96,211251550,399001
2018/7/13,9288.47,9326.97,9344.65,9270.2,186432415,399001
2018/7/16,9322.97,9317.36,9366.21,9278.07,166706969,399001
2018/7/17,9307.66,9285.16,9307.66,9175.66,159232332,399001
2018/7/18,9293.2,9195.24,9335.09,9195.24,175256581,399001
2018/7/19,9214.9,9148.78,9266.93,9116.45,161620344,399001
2018/7/20,9141.51,9251.48,9277.95,9055.86,169930479,399001
2018/7/23,9188.47,9314.3,9314.3,9160.05,199809119,399001
2018/7/24,9316.65,9465.8,9491.24,9313.17,244672639,399001
2018/7/25,9475.72,9463.76,9514.94,9436.99,213146958,399001
2018/7/26,9467.56,9352.25,9488.39,9331.45,229138686,399001
2018/7/27,9344.75,9295.93,9363.17,9270.35,188934763,399001
2018/7/30,9289.36,9181.94,9309.44,9139.74,178357087,399001
2018/7/31,9168.83,9178.78,9216.73,9132.08,147991098,399001
2018/8/1,9205.75,9005.37,9235.74,9005.37,173264529,399001
2018/8/2,8971.71,8780.56,8971.71,8613.84,211111166,399001
2018/8/3,8767.56,8602.12,8807.95,8602.12,152843384,399001
2018/8/6,8582.43,8422.84,8638.37,8374.4,159152334,399001
2018/8/7,8453.55,8674.03,8674.03,8379.7,171924079,399001
2018/8/8,8654.55,8499.22,8665.39,8498.21,171693500,399001
2018/8/9,8475.79,8752.2,8797.58,8460.43,199857185,399001
2018/8/10,8752.94,8813.49,8839.29,8742.4,159645039,399001
2018/8/13,8712.12,8844.86,8855.62,8676.21,160953763,399001
2018/8/14,8832.27,8784.9,8843.57,8752.76,152129692,399001
2018/8/15,8786.35,8581.18,8786.35,8567.23,163432378,399001
2018/8/16,8470.91,8500.42,8628.91,8408,157105421,399001
2018/8/17,8573.57,8357.04,8597.79,8341.1,152746928,399001
2018/8/20,8355,8414.15,8414.15,8241.14,149839733,399001
2018/8/21,8419.79,8549.06,8561.79,8396.58,148513880,399001
2018/8/22,8533.43,8454.75,8533.43,8440.58,133426219,399001
2018/8/23,8446.98,8501.39,8543.42,8411.74,140125085,399001
2018/8/24,8480.22,8484.74,8544.25,8438.08,140519861,399001
2018/8/27,8511.37,8728.56,8728.56,8511.37,178436151,399001
2018/8/28,8731.64,8733.75,8758.71,8693.52,162576031,399001
2018/8/29,8716.82,8678.26,8724.81,8649.73,154352065,399001
2018/8/30,8666.9,8552.8,8701.04,8543.79,157376475,399001
2018/8/31,8509.27,8465.47,8536.06,8425.35,138909481,399001
2018/9/3,8440.95,8455.55,8459.95,8344.93,145309019,399001
2018/9/4,8454.14,8554.44,8573.2,8420.88,161407196,399001
2018/9/5,8519.57,8402.51,8536.84,8402.51,166313903,399001
2018/9/6,8369.3,8324.16,8450.89,8295.48,144449452,399001
2018/9/7,8344.57,8322.36,8462.39,8270.4,160347052,399001
2018/9/10,8310.46,8158.49,8311.92,8155.35,155414176,399001
2018/9/11,8155.95,8168.1,8216.62,8112,135954583,399001
2018/9/12,8162.17,8111.16,8196.86,8095.01,128076090,399001
2018/9/13,8196.21,8163.76,8227.2,8038.12,156021949,399001
2018/9/14,8173.56,8113.88,8180.7,8090.4,160010224,399001
2018/9/17,8068.06,7999.35,8074.79,7977.44,141937347,399001
2018/9/18,7970.45,8133.22,8133.9,7958.52,160542170,399001
2018/9/19,8111.24,8248.12,8313.62,8097.23,200529784,399001
2018/9/20,8241.7,8233.89,8295.13,8218.38,177806991,399001
2018/9/21,8258.02,8409.18,8419.47,8216.68,197594126,399001
2018/9/25,8336.75,8353.38,8390.65,8311.93,149970129,399001
2018/9/26,8369.52,8420.54,8485.68,8344.72,182897175,399001
2018/9/27,8411.18,8334.75,8434.87,8331.78,191355630,399001
2018/9/28,8351.63,8401.09,8405.98,8317.48,155515372,399001
2018/10/8,8225.84,8060.83,8249.39,8055.98,164590316,399001
2018/10/9,8083.23,8046.39,8132.15,8013.19,134621899,399001
2018/10/10,8062.46,8010.69,8090.22,7952.13,139300394,399001
2018/10/11,7753.03,7524.09,7803.29,7481.9,234967642,399001
2018/10/12,7484.86,7558.28,7595.93,7331.81,210084270,399001
2018/10/15,7571.71,7444.48,7622.03,7430.96,157507890,399001
2018/10/16,7444.94,7298.98,7493.15,7263.29,157665052,399001
2018/10/17,7390.69,7365.21,7419.21,7206.34,171300148,399001
2018/10/18,7309,7187.49,7316.19,7182.39,162453342,399001
2018/10/19,7097.04,7387.74,7390.92,7084.44,184794328,399001
2018/10/22,7464.92,7748.82,7816.82,7464.92,257882927,399001
2018/10/23,7752.18,7574.99,7769.52,7523.07,221267195,399001
2018/10/24,7531.6,7545.11,7653.24,7484.63,183170082,399001
2018/10/25,7334.52,7529.41,7543.11,7305.77,191703396,399001
2018/10/26,7582.77,7504.72,7621.38,7476.13,184356987,399001
2018/10/29,7449.64,7322.24,7450.38,7290.82,155114072,399001
2018/10/30,7271.96,7375.23,7451.66,7189.35,188857671,399001
2018/10/31,7385.98,7482.83,7526.6,7373.75,194478329,399001
2018/11/1,7568.2,7567.79,7689.57,7558.4,235785443,399001
2018/11/2,7763.49,7867.54,7867.54,7709.44,268299637,399001
2018/11/5,7831.82,7839.08,7895.54,7733.14,259786875,399001
2018/11/6,7807.09,7791.25,7807.09,7701.51,210422863,399001
2018/11/7,7783.13,7752.04,7871.17,7745.39,226640511,399001
2018/11/8,7813.63,7698.02,7823.6,7692.34,209202169,399001
2018/11/9,7650.17,7648.55,7705.26,7626.17,193795530,399001
2018/11/12,7634.82,7832.29,7832.82,7622.47,249652881,399001
2018/11/13,7733.11,7963.66,8008.11,7718.68,353815384,399001
2018/11/14,7942.08,7908.55,7990.45,7894.21,314971609,399001
2018/11/15,7889.92,8002.1,8002.1,7884.34,281944308,399001
2018/11/16,8003.47,8062.29,8116.73,7959.14,317727575,399001
2018/11/19,8050.55,8108.85,8108.85,8014.57,295374960,399001
2018/11/20,8031.36,7879.52,8054.24,7870.41,285221202,399001
2018/11/21,7786.78,7908.47,7919.07,7776.56,241088341,399001
2018/11/22,7929.79,7893.99,7950.97,7857.81,224810827,399001
2018/11/23,7882.85,7636.7,7889.13,7616.47,263332907,399001
2018/11/26,7627.4,7615.91,7682.2,7586.6,178770560,399001
2018/11/27,7657.8,7635.16,7682.76,7589,180528488,399001
2018/11/28,7633.37,7757.07,7757.07,7572.65,217484841,399001
2018/11/29,7800.57,7597.01,7820.45,7597.01,217859137,399001
2018/11/30,7583.84,7681.75,7688.88,7537.92,187016048,399001
2018/12/3,7901.83,7938.47,7968.09,7835.23,265804513,399001
2018/12/4,7916.55,7953.72,7954.31,7890.66,223747635,399001
2018/12/5,7825.12,7928.51,7972.98,7808.74,224383040,399001
2018/12/6,7854.59,7735.05,7872.45,7725.99,208415908,399001
2018/12/7,7741.73,7733.89,7765.14,7712.27,166896830,399001
2018/12/10,7663.26,7624.86,7698.53,7606,166805874,399001
2018/12/11,7642.16,7685.4,7685.4,7628.15,159567339,399001
2018/12/12,7721.82,7698.02,7737.24,7675.26,161508633,399001
2018/12/13,7717.47,7808.04,7849.66,7679.02,196499945,399001
2018/12/14,7785.29,7629.65,7792.74,7624.73,198374170,399001
2018/12/17,7599.01,7592.65,7618.68,7515.46,158891081,399001
2018/12/18,7540.96,7530.32,7609.39,7473.45,155100982,399001
2018/12/19,7541.5,7418.69,7548.72,7407.46,145332893,399001
2018/12/20,7402.2,7426.44,7445.05,7363.77,152721237,399001
2018/12/21,7399.15,7337.6,7405.27,7283.76,159820138,399001
2018/12/24,7315.26,7392.56,7393.71,7293.15,143034691,399001
2018/12/25,7308.61,7332.35,7362.07,7180.08,195489964,399001
2018/12/26,7323.99,7289.55,7369.84,7277.56,159524916,399001
2018/12/27,7402.6,7215.34,7415.92,7215.34,175911460,399001
2018/12/28,7229.87,7239.79,7282.5,7174.9,155838073,399001
2019/1/2,7259.49,7149.27,7266.47,7136.95,146826477,399001
2019/1/3,7134.15,7089.44,7217.83,7081.83,173151161,399001
2019/1/4,7022.12,7284.84,7284.84,7011.33,231616904,399001
2019/1/7,7333.32,7400.2,7409.38,7303.46,248688841,399001
2019/1/8,7381.61,7391.65,7412.19,7361.41,229393995,399001
2019/1/9,7425.64,7447.93,7552.2,7404.49,266767952,399001
2019/1/10,7442.7,7428.61,7491.69,7415.28,227413629,399001
2019/1/11,7441.18,7474.01,7490.17,7404.31,217105794,399001
2019/1/14,7473.88,7409.2,7488.36,7394.96,215934773,399001
2019/1/15,7403.79,7547.35,7549.66,7386.15,223110397,399001
2019/1/16,7545.35,7540.45,7586.66,7518.71,216076433,399001
2019/1/17,7534.04,7470.35,7545.81,7463.99,210238042,399001
2019/1/18,7486.95,7581.39,7584.76,7479.66,220630817,399001
2019/1/21,7591.19,7626.24,7661.62,7578.49,204896693,399001
2019/1/22,7615.8,7516.79,7615.8,7493.78,188464365,399001
2019/1/23,7493.07,7523.77,7542.65,7489.32,168488373,399001
2019/1/24,7537.5,7573.52,7604.99,7485.24,201968410,399001
2019/1/25,7581.29,7595.45,7657.03,7554.55,211919404,399001
2019/1/28,7641.29,7589.58,7704.85,7569.77,202423330,399001
2019/1/29,7575.43,7551.3,7578.13,7428.4,208909702,399001
2019/1/30,7518.03,7470.47,7580.22,7470.36,163342152,399001
2019/1/31,7485.79,7479.22,7552.56,7428.86,206365251,399001
2019/2/1,7524.67,7684,7684.11,7517.83,180990265,399001
2019/2/11,7695.17,7919.05,7922.54,7695.17,211629262,399001
2019/2/12,7915.06,8010.07,8027.63,7903.9,258799232,399001
2019/2/13,8029.97,8171.21,8191.98,8016.78,318137977,399001
2019/2/14,8182.32,8219.96,8260.33,8141.1,310200209,399001
2019/2/15,8198.45,8125.63,8223.64,8117.51,307058614,399001
2019/2/18,8187.89,8446.92,8446.92,8187.89,396701096,399001
2019/2/19,8480.76,8440.87,8537.35,8350.86,437306242,399001
2019/2/20,8443.98,8473.43,8488.47,8372.96,365676247,399001
2019/2/21,8467.15,8451.71,8619.62,8416.17,431362358,399001
2019/2/22,8431.56,8651.2,8651.2,8393.86,416850503,399001
2019/2/25,8804.97,9134.58,9134.58,8785.42,643916664,399001
2019/2/26,9162.92,9089.04,9276.45,9036.75,689527158,399001
2019/2/27,9062.96,9005.77,9158.2,8901.72,550387136,399001
2019/2/28,9001.18,9031.93,9097.4,8970.65,421689421,399001
2019/3/1,9111.96,9167.65,9167.65,9005.49,399959292,399001
2019/3/4,9280.65,9384.42,9567.15,9260.73,606335325,399001
2019/3/5,9366.77,9595.74,9595.74,9328,563487474,399001
2019/3/6,9640.95,9700.49,9707.92,9518.71,692388124,399001
2019/3/7,9685.3,9678.11,9782.22,9546.56,685512478,399001
2019/3/8,9447.6,9363.72,9726.3,9346.73,709489784,399001
2019/3/11,9425.8,9704.33,9704.33,9370.38,558511387,399001
2019/3/12,9766.5,9841.24,9928.2,9683.07,663592429,399001
2019/3/13,9828.15,9592.05,9828.15,9534.33,615964538,399001
2019/3/14,9521.62,9417.93,9620.46,9323.06,482171917,399001
2019/3/15,9485.33,9550.54,9650.54,9452.91,422441792,399001
2019/3/18,9583.45,9843.43,9843.43,9510.66,439815282,399001
2019/3/19,9844.46,9839.74,9908.17,9774.75,431739482,399001
2019/3/20,9828.07,9800.6,9848.77,9642.67,451219889,399001
2019/3/21,9808.74,9869.8,9934.86,9771.86,515936101,399001
2019/3/22,9871.99,9879.22,9891.83,9692.25,467872483,399001
2019/3/25,9705.02,9701.7,9858.08,9680.94,460806698,399001
2019/3/26,9753.17,9513,9780.08,9487.1,448860524,399001
2019/3/27,9582.03,9609.44,9609.44,9446.35,376919235,399001
2019/3/28,9586.38,9546.51,9695.52,9537.61,365302249,399001
2019/3/29,9556.3,9906.86,9906.86,9554.07,435504934,399001
2019/4/1,9976.98,10267.7,10277.55,9976.98,539634778,399001
2019/4/2,10314.79,10260.36,10334.96,10220.81,557057587,399001
2019/4/3,10199.97,10340.51,10350.57,10166.67,491116591,399001
2019/4/4,10379.2,10415.8,10453.5,10309.53,514128386,399001
2019/4/8,10510.43,10351.87,10541.18,10226.25,544942099,399001
2019/4/9,10368.03,10436.62,10438.99,10304.73,440133411,399001
2019/4/10,10403.24,10435.08,10529.74,10328.61,474638394,399001
2019/4/11,10420.65,10158.4,10437.45,10149.38,444252114,399001
2019/4/12,10138.09,10132.34,10186.47,10053.81,370906208,399001
2019/4/15,10294.82,10053.76,10365.31,10048.83,403544068,399001
2019/4/16,9993.25,10287.64,10287.64,9928.28,411812459,399001
2019/4/17,10288.45,10344.43,10410.65,10257.56,453500765,399001
2019/4/18,10338.5,10287.67,10363.85,10267.31,422880573,399001
2019/4/19,10280.34,10418.24,10418.24,10208.61,409455000,399001
2019/4/22,10418.71,10224.31,10418.71,10192.52,437135586,399001
2019/4/23,10206.02,10124.66,10247.39,10091.92,399608695,399001
2019/4/24,10162.38,10236.27,10239.37,10023.91,370744422,399001
2019/4/25,10186.23,9907.62,10209.14,9902.02,430107686,399001
2019/4/26,9852.94,9780.82,9927.74,9774.75,339762932,399001
2019/4/29,9775.95,9622.49,9822.82,9597.09,353224069,399001
2019/4/30,9573.41,9674.53,9730.55,9573.39,263792927,399001
2019/5/6,9289.74,8943.52,9333.92,8893.15,355213411,399001
2019/5/7,9011.52,9089.46,9160.52,8928.57,296713598,399001
2019/5/8,8899.91,9002.53,9167.81,8873.44,289597255,399001
2019/5/9,8919.5,8877.31,9012.24,8860.17,244927948,399001
2019/5/10,8988.92,9235.39,9238.55,8820.59,346735347,399001
2019/5/13,9112.52,9103.36,9191.07,9059.32,268454269,399001
2019/5/14,8998.97,9038.36,9142.46,8996.92,258630922,399001
2019/5/15,9125.27,9259.03,9282.96,9123.9,288895917,399001
2019/5/16,9247.99,9293.32,9307.22,9211.75,310232475,399001
2019/5/17,9299.46,9000.19,9303.05,8964.37,349171165,399001
2019/5/20,8980.8,8916.11,8994.18,8792.84,274992473,399001
2019/5/21,8920.46,9087.52,9120.69,8892.15,287502697,399001
2019/5/22,9069,9041.22,9132.38,8986.53,281965205,399001
2019/5/23,8997.25,8809.54,8997.25,8789.41,278961831,399001
2019/5/24,8788.17,8776.77,8880.81,8745.6,228714097,399001
2019/5/27,8795.14,8979.83,9003.87,8732.98,270875537,399001
2019/5/28,8979.58,9035.69,9082.7,8946.7,276643363,399001
2019/5/29,8971.22,9010.36,9077.51,8956.72,248026463,399001
2019/5/30,8974.4,8943.35,8974.4,8845.83,264232017,399001
2019/5/31,8939.41,8922.69,9016.16,8892.12,248794738,399001
2019/6/3,8953.37,8856.99,9012.08,8826.75,273451165,399001
2019/6/4,8854.5,8748.27,8868.09,8697.5,238852099,399001
2019/6/5,8831.13,8746.05,8851.12,8729.21,224442496,399001
2019/6/6,8741.83,8584.94,8741.83,8557.58,230614565,399001
2019/6/10,8621.73,8711.79,8748.97,8582.48,205315211,399001
2019/6/11,8721.27,9037.67,9045.12,8718.47,316531070,399001
2019/6/12,9008.56,8954.72,9038.87,8930.91,295738673,399001
2019/6/13,8948.58,8951.61,8974.8,8866.22,268631473,399001
2019/6/14,8956.92,8810.13,8994.16,8801.33,273658053,399001
2019/6/17,8807.84,8780.87,8864.77,8753.42,205212912,399001
2019/6/18,8785.77,8804.32,8839.23,8722.93,193696117,399001
2019/6/19,9051.85,8925.73,9084.18,8923.44,275307784,399001
2019/6/20,8923.57,9134.96,9183.15,8900.75,317210774,399001
2019/6/21,9181.64,9214.27,9252.55,9158.32,351673725,399001
2019/6/24,9220.23,9212.12,9251.48,9171.35,286084416,399001
2019/6/25,9206.18,9118.1,9206.18,9004.76,279970008,399001
2019/6/26,9064.13,9122.43,9164.28,9040.32,223827834,399001
2019/6/27,9154.04,9239.48,9274.42,9152.63,258679864,399001
2019/6/28,9236.06,9178.31,9236.06,9126.89,243002500,399001
2019/7/1,9384.79,9530.46,9530.46,9339.77,337747139,399001
2019/7/2,9516.42,9545.52,9560.52,9483.16,306531371,399001
2019/7/3,9519.8,9419.84,9520.38,9376.31,257138501,399001
2019/7/4,9435.04,9368.3,9466.02,9323.07,232802183,399001
2019/7/5,9379.94,9443.21,9464.39,9345.79,198703077,399001
2019/7/8,9419.69,9186.29,9420.24,9124.16,260279958,399001
2019/7/9,9178.91,9198.79,9221.72,9119.65,188090827,399001
2019/7/10,9231.86,9166.15,9239.28,9130.53,187294334,399001
2019/7/11,9216.95,9152.77,9282.95,9121.46,190345675,399001
2019/7/12,9161.27,9213.38,9236.42,9122.41,186186263,399001
2019/7/15,9181.03,9309.42,9358.08,9066.71,241649216,399001
2019/7/16,9294.56,9283.41,9324.91,9255.43,211312143,399001
2019/7/17,9274.69,9302,9354.81,9242.25,235067706,399001
2019/7/18,9258.12,9154.65,9258.12,9153.01,222426906,399001
2019/7/19,9198.82,9228.55,9298.21,9198.82,200474339,399001
2019/7/22,9247.28,9122.64,9254.65,9073.49,218545396,399001
2019/7/23,9125.46,9175.83,9175.83,9104.76,168118777,399001
2019/7/24,9203.23,9266.3,9312.67,9203.23,213978041,399001
2019/7/25,9265.31,9344.82,9344.82,9247.97,212853691,399001
2019/7/26,9310.65,9349,9363.27,9294.61,185654473,399001
2019/7/29,9350.21,9354.28,9376.42,9310.63,186596814,399001
2019/7/30,9362.23,9399.1,9469.08,9362.23,206900141,399001
2019/7/31,9374.44,9326.61,9374.44,9318.59,185301240,399001
2019/8/1,9278.83,9268.05,9327.94,9223.31,189132525,399001
2019/8/2,9049.35,9136.46,9150.73,9020.26,228554425,399001
2019/8/5,9093.07,8984.73,9168.1,8984.73,203852033,399001
2019/8/6,8805.16,8859.47,8898.38,8669.9,274305593,399001
2019/8/7,8919.89,8814.74,8933.99,8814.74,189083931,399001
2019/8/8,8870.18,8919.28,8936.49,8859.48,176794343,399001
2019/8/9,8963.47,8795.18,8970.51,8780.72,195121488,399001
2019/8/12,8816.89,8978.52,8978.52,8798.5,183867356,399001
2019/8/13,8910.15,8902.63,8960.02,8869.46,170587307,399001
2019/8/14,9034.05,8966.47,9060.4,8956.08,207501725,399001
2019/8/15,8779.53,9009.68,9011.77,8758.04,212807484,399001
2019/8/16,9007.15,9060.92,9136.21,8995.57,220697415,399001
2019/8/19,9165.8,9328.97,9328.97,9141.89,299663788,399001
2019/8/20,9340.66,9328.73,9389.39,9301.92,293736361,399001
2019/8/21,9304.52,9322.75,9361.74,9287.31,249206921,399001
2019/8/22,9350.65,9350.56,9363.79,9282.76,257246169,399001
2019/8/23,9357,9362.55,9397.76,9311.26,262062843,399001
2019/8/26,9181.71,9270.39,9298.1,9173.01,257433068,399001
2019/8/27,9333.1,9443.18,9517.65,9333.1,311957622,399001
2019/8/28,9449.4,9414,9453.75,9375.57,285827444,399001
2019/8/29,9429,9398.47,9440.67,9363.15,272537265,399001
2019/8/30,9458.39,9365.68,9492.04,9310.11,312542620,399001
2019/9/2,9393.03,9569.47,9586.52,9389.48,301362492,399001
2019/9/3,9591.42,9633.69,9633.69,9547.76,310115994,399001
2019/9/4,9612.62,9700.32,9700.32,9590.98,330543241,399001
2019/9/5,9752.34,9783.5,9900.76,9751.95,430745654,399001
2019/9/6,9829.97,9823.42,9837.23,9742.27,331457385,399001
2019/9/9,9907.13,10001.93,10001.93,9853.69,387165177,399001
2019/9/10,10005.81,9964.93,10005.81,9903.42,381885526,399001
2019/9/11,9985.11,9853.72,10000.25,9835.97,349035650,399001
2019/9/12,9886.25,9919.8,9941.17,9837.27,288583120,399001
2019/9/16,9952.33,9918.09,9962.15,9877.11,317119173,399001
2019/9/17,9890.58,9722.8,9890.58,9684.15,327388465,399001
2019/9/18,9747.98,9753.31,9785.62,9701.64,255903225,399001
2019/9/19,9786.4,9852.2,9852.2,9733.97,265117133,399001
2019/9/20,9873.94,9881.25,9903.69,9832.39,281060354,399001
2019/9/23,9853.47,9781.14,9853.47,9703.66,271171002,399001
2019/9/24,9783.39,9811.38,9896.18,9761.03,284060679,399001
2019/9/25,9768.38,9671.06,9768.38,9656.05,283852938,399001
2019/9/26,9698.28,9464.84,9707.92,9464.84,287353643,399001
2019/9/27,9470.54,9548.96,9574.5,9467.15,214878504,399001
2019/9/30,9544.02,9446.24,9581.64,9446.04,184042919,399001
2019/10/8,9474.57,9474.75,9556.96,9468.74,188610558,399001
2019/10/9,9443.45,9506.56,9507.04,9380.57,185682673,399001
2019/10/10,9504.03,9638.1,9643.52,9480.17,222069973,399001
2019/10/11,9656.98,9666.58,9704.68,9583.52,243533437,399001
2019/10/14,9753.58,9786.64,9840.59,9725.68,285360084,399001
2019/10/15,9759.95,9671.73,9759.95,9658.51,266349452,399001
2019/10/16,9678.31,9642.06,9722.12,9635.45,233148157,399001
2019/10/17,9657.09,9645.39,9670.7,9617.01,206596230,399001
2019/10/18,9665.81,9533.5,9706.38,9516.75,238042710,399001
2019/10/21,9533.09,9553.57,9560.98,9476.46,209913943,399001
2019/10/22,9582.11,9642.09,9642.93,9558.36,207552391,399001
2019/10/23,9641.89,9567.75,9652.07,9547.5,215975821,399001
2019/10/24,9570.33,9555.76,9598.33,9495,207222324,399001
2019/10/25,9562.3,9660.44,9665.6,9509.34,224961819,399001
2019/10/28,9721.64,9801.87,9802.15,9704.53,299013167,399001
2019/10/29,9812.48,9746.03,9818.74,9746.03,321608662,399001
2019/10/30,9707.18,9681.54,9726.95,9647,271564715,399001
2019/10/31,9709.1,9635.33,9720.97,9626.93,242663376,399001
2019/11/1,9621.89,9802.33,9814.67,9604.31,225897374,399001
2019/11/4,9828.6,9868.13,9908.2,9828.6,239041485,399001
2019/11/5,9885.02,9938.61,9982.34,9847.2,238629432,399001
2019/11/6,9947.31,9860.97,9947.31,9829.75,232530713,399001
2019/11/7,9849.96,9917.49,9939.53,9835.89,216641725,399001
2019/11/8,9985.2,9895.34,10008.51,9891,234124254,399001
2019/11/11,9821.41,9680.57,9821.41,9664.06,231547111,399001
2019/11/12,9675.56,9670.14,9699.42,9570.44,205975186,399001
2019/11/13,9678.65,9687.85,9702.51,9622.31,183988235,399001
2019/11/14,9689.93,9746.56,9768.67,9677.76,205461472,399001
2019/11/15,9741.93,9647.99,9777.69,9647.99,213505827,399001
2019/11/18,9635.81,9715.27,9725.78,9624.95,191948681,399001
2019/11/19,9721.01,9889.75,9889.75,9711.29,226001320,399001
2019/11/20,9885.9,9809.05,9908.62,9796.95,231112732,399001
2019/11/21,9772.03,9774.44,9818.49,9733.44,202265375,399001
2019/11/22,9794.32,9626.9,9875.71,9573.47,250407622,399001
2019/11/25,9626.41,9626.36,9643.23,9515.33,225973156,399001
2019/11/26,9662.41,9677.23,9698.6,9609.73,217307702,399001
2019/11/27,9643.11,9648.39,9694.22,9589.21,202544270,399001
2019/11/28,9650.27,9622.14,9679.96,9594.37,182766704,399001
2019/11/29,9614.71,9582.16,9633.14,9490.85,184566861,399001
2019/12/2,9603.02,9605.19,9647.95,9582.32,185451453,399001
2019/12/3,9585.75,9657.65,9657.65,9531.25,193114391,399001
2019/12/4,9624.19,9687.95,9703.4,9614.04,202086392,399001
2019/12/5,9719.3,9799.07,9817.21,9703.91,229525019,399001
2019/12/6,9804.04,9878.62,9878.62,9791.56,228380357,399001
2019/12/9,9908.97,9876.27,9917.61,9853.2,254862722,399001
2019/12/10,9850.04,9915.87,9915.87,9826.83,259022858,399001
2019/12/11,9905.91,9852.71,9921.65,9829.11,269475437,399001
2019/12/12,9862.43,9836.23,9887.56,9824.42,255654561,399001
2019/12/13,9923.79,10004.62,10014.21,9907.76,294009384,399001
2019/12/16,10040.26,10158.24,10158.24,10015.45,352271899,399001
2019/12/17,10157.43,10306.03,10350.65,10148.69,424807270,399001
2019/12/18,10299.05,10294.66,10365.16,10266.64,379783107,399001
2019/12/19,10298.5,10296.29,10316.77,10254.95,347586101,399001
2019/12/20,10305.1,10229.49,10343.07,10229.1,345290001,399001
2019/12/23,10202.23,10056.21,10248.8,10050.41,308439136,399001
2019/12/24,10080.37,10189.29,10190.04,10065.55,264154341,399001
2019/12/25,10176.72,10229.58,10255.2,10170.21,290734473,399001
2019/12/26,10239.76,10303.71,10303.71,10221.34,292929051,399001
2019/12/27,10326.52,10233.77,10377.94,10226.62,351676420,399001
2019/12/30,10203.82,10365.96,10365.96,10133.88,322844925,399001
2019/12/31,10360.78,10430.77,10433.29,10352.89,282427717,399001
2020/1/2,10509.12,10638.82,10663.55,10479.77,392795173,399001
2020/1/3,10666.66,10656.41,10689.59,10594.36,373603938,399001
2020/1/6,10599.41,10698.27,10799.58,10577.78,438998251,399001
2020/1/7,10725.18,10829.04,10829.04,10723.86,414499627,399001
2020/1/8,10776.71,10706.87,10851.28,10681.02,462506909,399001
2020/1/9,10807.04,10898.17,10899.48,10807.04,396591114,399001
2020/1/10,10927.98,10879.84,10933.81,10833.52,355689713,399001
2020/1/13,10894,11040.2,11040.2,10851.72,345273662,399001
2020/1/14,11074.89,10988.77,11086.81,10983.42,377298121,399001
2020/1/15,10978.28,10972.32,11001.81,10882.79,331233272,399001
2020/1/16,10986.65,10967.44,11008.21,10934.72,317968373,399001
2020/1/17,11001.68,10954.39,11045.25,10927.84,304820102,399001
2020/1/20,10981.5,11115.88,11115.88,10936.8,330625512,399001
2020/1/21,11077.66,10953.41,11078.04,10948.58,338540804,399001
2020/1/22,10896.55,11072.06,11105.69,10761.68,352090081,399001
2020/1/23,10947.86,10681.9,11026,10572.26,402894259,399001
2020/2/3,9706.58,9779.67,9934.35,9706.58,195449921,399001
2020/2/4,9578.87,10089.67,10095.69,9578.87,511560080,399001
2020/2/5,10159.55,10305.5,10445.09,10148.24,454671825,399001
2020/2/6,10306.12,10601.34,10633.17,10214.81,481109434,399001
2020/2/7,10569.65,10611.55,10629.15,10441.9,489619557,399001
2020/2/10,10577.56,10728.46,10730.05,10551.54,470890837,399001
2020/2/11,10749.97,10768.63,10839.19,10678.11,417815190,399001
2020/2/12,10735.05,10940.79,10944.63,10724.08,420141761,399001
2020/2/13,10936.5,10864.32,10988.23,10820.92,455290399,399001
2020/2/14,10854.46,10916.31,11017.65,10822.13,417093369,399001
2020/2/17,10974.93,11241.5,11241.5,10974.93,481114964,399001
2020/2/18,11244.76,11306.49,11306.49,11143.39,528090836,399001
2020/2/19,11300.16,11235.6,11387.99,11229.55,537762852,399001
2020/2/20,11278.87,11509.09,11519.07,11248.9,551710619,399001
2020/2/21,11506.67,11629.7,11727.89,11493.63,600391734,399001
2020/2/24,11620.63,11772.38,11809.75,11548.41,620546346,399001
2020/2/25,11537.55,11856.08,11869.41,11350.28,730505831,399001
2020/2/26,11677.63,11497.55,11770.51,11453.69,686513098,399001
2020/2/27,11555.82,11534.02,11684.5,11401.32,551694823,399001
2020/2/28,11150.66,10980.77,11338.35,10962.24,610890436,399001
2020/3/2,11115.46,11381.76,11457.42,11053.29,532405548,399001
2020/3/3,11597.66,11484.21,11734.18,11378.76,601666152,399001
2020/3/4,11411.6,11493.02,11501.8,11273.26,513348245,399001
2020/3/5,11644.41,11711.37,11739.84,11521.29,593054204,399001
2020/3/6,11555.46,11582.82,11690.2,11541.78,538856740,399001
2020/3/9,11363.79,11108.55,11407.47,11100.91,584734799,399001
2020/3/10,11016.92,11403.47,11406.3,10916.95,581355154,399001
2020/3/11,11436.44,11200.05,11444.78,11197.09,529580220,399001
2020/3/12,11022.4,10941.01,11070.41,10842.38,465707947,399001
2020/3/13,10382.22,10831.12,10956.51,10380.17,529004538,399001
2020/3/16,10867.66,10253.28,10867.66,10217.93,520482615,399001
2020/3/17,10337.92,10202.75,10449.33,9885.86,449164288,399001
2020/3/18,10294.96,10029.57,10479.78,10029.57,452580806,399001
2020/3/19,10023.12,10019.86,10101.8,9719.49,432237748,399001
2020/3/20,10150.78,10150.12,10174.51,9964.29,380046974,399001
2020/3/23,9828.9,9691.53,9929.96,9659.35,388114615,399001
2020/3/24,9900.22,9921.68,9945.92,9634.97,398359284,399001
2020/3/25,10171.46,10241.08,10255.58,10111.36,416839382,399001
2020/3/26,10161.94,10155.36,10281.57,10112.62,372992275,399001
2020/3/27,10300.62,10109.91,10310.53,10105.72,345009875,399001
2020/3/30,9953.04,9904.95,9985.38,9791.02,356631369,399001
2020/3/31,10008.03,9962.3,10047.98,9925.68,315348323,399001
2020/4/1,9967.12,9951.84,10127.1,9927.92,333079526,399001
2020/4/2,9910.38,10179.2,10179.2,9896.65,328200762,399001
2020/4/3,10155.56,10110.11,10212.91,10069.64,320031271,399001
2020/4/7,10312.71,10428.91,10441.74,10296.72,401858318,399001
2020/4/8,10372.76,10386.54,10426.4,10344.44,396877235,399001
2020/4/9,10453.86,10463.05,10485.3,10401.17,377418832,399001
2020/4/10,10459.7,10298.41,10509,10265.88,394773437,399001
2020/4/13,10225.53,10223.16,10295.17,10173.12,298034338,399001
2020/4/14,10300.96,10475.71,10475.71,10276.37,329838758,399001
2020/4/15,10468.46,10417.37,10528.74,10404.51,379199307,399001
2020/4/16,10361.77,10470.79,10489.13,10346.11,348703809,399001
2020/4/17,10562.9,10527.99,10624.54,10507.8,401492380,399001
2020/4/20,10553.55,10621.5,10621.5,10523.59,340156237,399001
2020/4/21,10577.72,10506.86,10577.72,10394.44,359333292,399001
2020/4/22,10424.45,10617.19,10617.19,10409.85,344848571,399001
2020/4/23,10657.4,10564.05,10667.01,10557.94,382809729,399001
2020/4/24,10565.09,10423.46,10577.03,10388.66,372911396,399001
2020/4/27,10449.13,10452.17,10531.39,10367.29,320369787,399001
2020/4/28,10477.76,10501.15,10547.75,10194.15,384691530,399001
2020/4/29,10461,10514.17,10586.57,10449.37,290231989,399001
2020/4/30,10575.52,10721.78,10751.75,10575.52,348102531,399001
2020/5/6,10618.17,10883.22,10884.34,10613.89,350163179,399001
2020/5/7,10899.92,10863.29,10926.83,10832.09,345878890,399001
2020/5/8,10923.61,11001.58,11054.31,10904.88,354347891,399001
2020/5/11,11053.82,10969.28,11096.28,10902.6,349327540,399001
2020/5/12,10972.05,11015.56,11018.93,10871.61,309285832,399001
2020/5/13,10978.31,11074.59,11096.62,10954.69,298836840,399001
2020/5/14,11026.71,10962.15,11047.38,10955.54,325040791,399001
2020/5/15,11013.16,10964.89,11039.68,10919.54,317144620,399001
2020/5/18,10969.08,10921.15,11017.5,10858.46,362078883,399001
2020/5/19,11023.43,11052.85,11052.85,10978.72,310113850,399001
2020/5/20,11056.98,10948.48,11056.98,10914.75,345397378,399001
2020/5/21,10999.07,10845.4,11007.14,10818.79,321249943,399001
2020/5/22,10832.91,10604.97,10832.91,10559.3,299718973,399001
2020/5/25,10602.47,10592.84,10629.61,10532.86,241587532,399001
2020/5/26,10655.98,10815.43,10816.71,10647.25,270864207,399001
2020/5/27,10823.24,10682.7,10823.24,10657.81,293429898,399001
2020/5/28,10680.87,10653.49,10727.99,10505.79,297057868,399001
2020/5/29,10615.14,10746.08,10764.87,10588.74,294922963,399001
2020/6/1,10837.49,11102.15,11123.2,10837.49,390282215,399001
2020/6/2,11133.62,11112.5,11146.85,11059.18,419510303,399001
2020/6/3,11154.64,11108.36,11204.52,11100.69,418994914,399001
2020/6/4,11146.29,11139.26,11165.14,11080.51,358812109,399001
2020/6/5,11153.27,11180.6,11180.6,11087.25,342494966,399001
2020/6/8,11266.93,11215.76,11340.03,11195.85,357209054,399001
2020/6/9,11238.44,11284.24,11303.54,11195,329979840,399001
2020/6/10,11296.13,11335.86,11338.24,11249.43,319350340,399001
2020/6/11,11328.1,11243.62,11405.01,11180.75,356854713,399001
2020/6/12,11017.15,11251.71,11306.14,11003.32,354659284,399001
2020/6/15,11241.26,11192.27,11353.16,11192.27,389226931,399001
2020/6/16,11312.81,11398.97,11398.97,11293.9,358969343,399001
2020/6/17,11421.03,11420.84,11421.03,11330.37,382760432,399001
2020/6/18,11416.08,11494.55,11503.38,11397.57,379111989,399001
2020/6/19,11505.69,11668.13,11694.89,11500.53,359285018,399001
2020/6/22,11680.41,11702.44,11756.86,11658.81,375418585,399001
2020/6/23,11711.28,11794.01,11796.41,11651.83,347381202,399001
2020/6/24,11813.36,11813.53,11854.99,11760.47,318732823,399001
2020/6/29,11780.65,11752.36,11814.64,11695.45,325204254,399001
2020/6/30,11828.53,11992.35,12013.6,11827.76,326309198,399001
2020/7/1,12024.84,12112.96,12130.3,11945.89,393967638,399001
2020/7/2,12095.85,12269.49,12278.83,12055.95,476968053,399001
2020/7/3,12295.62,12433.26,12433.68,12232.7,512872022,399001
2020/7/6,12519.5,12941.72,12945.71,12519.5,691662554,399001
2020/7/7,13084.65,13163.98,13407.19,12997.17,754514989,399001
2020/7/8,13170.2,13406.37,13428.94,13059.24,669518605,399001
2020/7/9,13399.47,13754.74,13792.63,13385.43,759030061,399001
2020/7/10,13662.38,13671.24,13831.61,13599.03,696693798,399001
2020/7/13,13699.22,14149.14,14149.14,13699.22,708385661,399001
2020/7/14,14121.33,13996.46,14151,13698.27,735504941,399001
2020/7/15,14017.93,13734.13,14077.56,13646.66,670932923,399001
2020/7/16,13731.28,12996.34,13853.44,12966.32,620638145,399001
2020/7/17,13002.84,13114.94,13315.44,12916.08,475084791,399001
2020/7/20,13303.8,13448.85,13448.85,13032.4,493547250,399001
2020/7/21,13480.39,13536.17,13572.93,13396.58,472227273,399001
2020/7/22,13507.35,13657.03,13816.67,13459.88,499662235,399001
2020/7/23,13511.45,13661.5,13699.53,13281.55,526571744,399001
2020/7/24,13547.81,12935.7,13602.79,12868.95,564786345,399001
2020/7/27,13013.77,12976.87,13093.84,12838.87,397120543,399001
2020/7/28,13107.43,13147.35,13196.62,13022.82,389085726,399001
2020/7/29,13117.19,13557.44,13557.44,13085.95,437296046,399001
2020/7/30,13595.77,13466.85,13619.49,13432.13,469674081,399001
2020/7/31,13464.21,13637.88,13748.03,13399.86,485599240,399001
2020/8/3,13771.74,13964.56,13964.56,13712.98,568503399,399001
2020/8/4,13966.73,13860.46,14012.71,13779.22,567319447,399001
2020/8/5,13859.32,13960.93,13993.67,13726.62,502462551,399001
2020/8/6,13972.3,13863.13,13972.3,13661.84,533987159,399001
2020/8/7,13813.76,13648.5,13847.2,13411.67,509976826,399001
2020/8/10,13576.32,13657.31,13752.29,13453.95,452141806,399001
2020/8/11,13668.31,13466.27,13811.52,13450.23,467222537,399001
2020/8/12,13437.57,13308.52,13471.82,13026.01,450040573,399001
2020/8/13,13373.16,13291.32,13392.35,13254.39,403732808,399001
2020/8/14,13272.71,13489.01,13495.97,13242.78,388470905,399001
2020/8/17,13542.01,13742.23,13756.61,13490.64,488761721,399001
2020/8/18,13748.52,13768.17,13813.02,13692.07,474540674,399001
2020/8/19,13741.27,13480.85,13741.27,13472.96,479639740,399001
2020/8/20,13387.82,13320.92,13476.07,13270.12,388868522,399001
2020/8/21,13445.96,13478,13547.79,13373.72,383524065,399001
2020/8/24,13565.28,13666.69,13708.12,13418.96,410963577,399001
2020/8/25,13692.47,13669.41,13788.49,13620.62,456935754,399001
2020/8/26,13680.59,13428.4,13717.9,13376.66,465528431,399001
2020/8/27,13465.89,13535.09,13548.66,13348.45,414995080,399001
2020/8/28,13509.37,13851.32,13868.3,13483.28,441224941,399001
2020/8/31,13929.75,13758.23,13994.14,13755.36,451925309,399001
2020/9/1,13729.39,13849.66,13849.66,13662.69,399237742,399001
2020/9/2,13881.07,13887.43,13944.16,13737.83,517293506,399001
2020/9/3,13871.27,13772.37,13933.42,13722.58,482940140,399001
2020/9/4,13501.91,13656.66,13680.06,13487.69,437114877,399001
2020/9/7,13633.51,13284.03,13714.32,13232.24,541636078,399001
2020/9/8,13315.15,13293.33,13351.57,13118.94,534063541,399001
2020/9/9,13107.98,12861.75,13122.76,12778.43,637182218,399001
2020/9/10,13001.38,12742.85,13068.23,12709.75,529890220,399001
2020/9/11,12711.09,12942.95,12952.47,12702.62,383940432,399001
2020/9/14,13024.56,13021.99,13107.28,12921.76,418897620,399001
2020/9/15,13032.28,13143.46,13148.17,12976.03,390166190,399001
2020/9/16,13123.5,13011.28,13137.72,12947.05,353245371,399001
2020/9/17,12970.34,13015.19,13113.77,12870.99,353953413,399001
2020/9/18,13026.11,13245.09,13253.68,12987.59,392372452,399001
2020/9/21,13280.01,13149.5,13289.6,13135.24,366642924,399001
2020/9/22,13052.08,13023.43,13212.24,12981.97,350538221,399001
2020/9/23,13044.81,13110.07,13148.94,12991.66,318235561,399001
2020/9/24,13018.3,12816.61,13044.38,12816.61,344066224,399001
2020/9/25,12876.08,12814.17,12919.61,12764.26,272817051,399001
2020/9/28,12860.09,12760.93,12890.9,12752.39,251466291,399001
2020/9/29,12843.23,12900.7,12966.85,12798.65,252446035,399001
2020/9/30,12948.97,12907.45,13040.04,12834.77,251670816,399001
2020/10/9,13161.36,13289.26,13323.81,13145.75,317690303,399001
2020/10/12,13386.34,13708.07,13708.07,13382.7,434000413,399001
2020/10/13,13678.62,13798.58,13820.56,13622.95,381159337,399001
2020/10/14,13781.56,13691.04,13781.78,13664.73,383224866,399001
2020/10/15,13702.83,13624.89,13737.08,13617.08,355639109,399001
2020/10/16,13611.91,13532.73,13665.58,13439.88,324165933,399001
2020/10/19,13638.78,13421.19,13660.54,13393.02,329474818,399001
2020/10/20,13417.22,13603.88,13603.88,13371.55,316415075,399001
2020/10/21,13613.87,13467.91,13613.87,13396.54,317733958,399001
2020/10/22,13419.39,13396.18,13435.41,13252.06,301609581,399001
2020/10/23,13405.53,13128.46,13487.11,13110.02,302441217,399001
2020/10/26,13056.3,13191.25,13242.63,12922.59,275996974,399001
2020/10/27,13159.37,13269.65,13291.8,13146.55,287862557,399001
2020/10/28,13273.5,13388.1,13438.47,13188.66,323764777,399001
2020/10/29,13219.89,13519.66,13582.31,13200.78,333886232,399001
2020/10/30,13544.29,13236.6,13550.36,13204.25,375533727,399001
2020/11/2,13269.97,13420.96,13462.42,13258.16,339213437,399001
2020/11/3,13476.58,13580.04,13592.92,13414,340463044,399001
2020/11/4,13586.33,13659.5,13691.69,13544.83,313047922,399001
2020/11/5,13802.18,13894.26,13894.26,13728.64,365666338,399001
2020/11/6,13932.41,13838.42,13932.41,13708.75,366011525,399001
2020/11/9,13934.37,14141.15,14197.85,13934.37,436939493,399001
2020/11/10,14121.69,13993.34,14121.69,13908.21,394359787,399001
2020/11/11,13925.44,13720.17,13981.99,13715.44,350606539,399001
2020/11/12,13789.3,13792.07,13846.87,13724.34,302522399,399001
2020/11/13,13755.29,13754.55,13802.71,13620.89,296359045,399001
2020/11/16,13811.85,13850.83,13850.83,13669.25,336170767,399001
2020/11/17,13843.01,13732.52,13843.01,13628.82,361143824,399001
2020/11/18,13710.02,13658.2,13773.58,13602.69,347491905,399001
2020/11/19,13633.97,13777.45,13812.78,13578.33,346924664,399001
2020/11/20,13789.98,13852.42,13865.72,13773.21,329381876,399001
2020/11/23,13871.71,13955.28,14021.5,13795.92,401038362,399001
2020/11/24,13958.01,13902.54,13962.34,13848.91,355272728,399001
2020/11/25,13923.66,13656.09,13933.79,13656.09,368577403,399001
2020/11/26,13651.43,13599.99,13692.73,13452.68,317605031,399001
2020/11/27,13627.86,13690.88,13690.88,13542.68,309656151,399001
2020/11/30,13720.68,13670.11,13815.49,13634.16,370010452,399001
2020/12/1,13650.39,13930.37,13940.9,13646.69,366602678,399001
2020/12/2,13950.74,13961.58,13991.45,13858.45,387312122,399001
2020/12/3,13955.98,13970.68,14009.51,13889.62,373665932,399001
2020/12/4,13933.88,14026.66,14049.21,13903.84,318523976,399001
2020/12/7,14021.16,13973.48,14054.88,13958.74,316904139,399001
2020/12/8,14000.87,13973.89,14040.5,13942.66,292386041,399001
2020/12/9,13998.62,13716.53,14017.35,13710.86,336123707,399001
2020/12/10,13672.05,13731.34,13814.8,13621.13,290107302,399001
2020/12/11,13767.48,13555.14,13771.96,13431.55,345765946,399001
2020/12/14,13583.19,13692.13,13695.32,13511.78,289848403,399001
2020/12/15,13682.28,13763.31,13783.04,13641.72,283983718,399001
2020/12/16,13791.41,13751.09,13807.18,13709.8,296906457,399001
2020/12/17,13746.28,13889.87,13901.83,13688.83,330101245,399001
2020/12/18,13911.83,13854.12,13939.93,13806.62,312867299,399001
2020/12/21,13858.66,14134.85,14134.85,13819.7,343926153,399001
2020/12/22,14085.29,13882.3,14172.77,13872.5,385393431,399001
2020/12/23,13912.52,14015.02,14078.13,13897.11,368469493,399001
2020/12/24,13998.36,13915.57,14048.62,13867.66,356961843,399001
2020/12/25,13879.24,14017.06,14017.06,13835.52,338254125,399001
2020/12/28,14020.95,14044.1,14112.59,13959.14,373252547,399001
2020/12/29,14042.79,13970.21,14082.5,13915.89,371600319,399001
2020/12/30,13970.45,14201.57,14208.68,13968.09,351919991,399001
2020/12/31,14226.28,14470.68,14476.55,14226.28,372217264,399001
2021/1/4,14516.12,14827.47,14859.09,14486.25,435497759,399001
2021/1/5,14760.25,15147.57,15149.1,14716.79,458934763,399001
2021/1/6,15221.44,15187.61,15295.07,14987.37,433240718,399001
2021/1/7,15178.35,15356.4,15356.4,15101.67,469284072,399001
2021/1/8,15402.74,15319.29,15453.18,15162.71,420062728,399001
2021/1/11,15353.08,15115.38,15420.68,15011.59,439456644,399001
2021/1/12,15053.87,15460.03,15460.03,15020.26,386861602,399001
2021/1/13,15491.07,15365.43,15597.97,15240.9,432697298,399001
2021/1/14,15283.56,15070.13,15354.12,15033.47,396172477,399001
2021/1/15,15030.54,15031.7,15120.27,14772.06,364498330,399001
2021/1/18,14980.5,15269.27,15309.79,14898.88,364069404,399001
2021/1/19,15278.53,15003.99,15314.05,14954.35,395125729,399001
2021/1/20,15023.74,15223.36,15246.78,14958.22,340287545,399001
2021/1/21,15251.67,15520.6,15608.38,15251.67,410627802,399001
2021/1/22,15508.94,15628.73,15632.33,15381.6,396161440,399001
2021/1/25,15594.81,15710.19,15895.88,15534.25,403516911,399001
2021/1/26,15637.39,15352.42,15637.39,15328.41,350296020,399001
2021/1/27,15328.87,15413.84,15446.82,15107.04,338372167,399001
2021/1/28,15169.1,14913.21,15228.5,14881.8,354135178,399001
2021/1/29,15039.89,14821.99,15096.25,14609.64,368670239,399001
2021/2/1,14841.71,15024.24,15036.38,14797.41,337066645,399001
2021/2/2,15057.44,15335.66,15341.48,14981.33,329951253,399001
2021/2/3,15360.42,15233.15,15435.53,15218.57,348166748,399001
2021/2/4,15135.85,15105.94,15285.88,14908.76,353546025,399001
2021/2/5,15167.64,15007.3,15250.1,14996.29,319867072,399001
2021/2/8,15066.46,15269.63,15299.65,14945.84,283194247,399001
2021/2/9,15330.3,15630.57,15635.38,15275.39,294171493,399001
2021/2/10,15702.2,15962.25,16010.4,15632.14,282691189,399001
2021/2/18,16275.98,15767.44,16293.09,15697.72,368451369,399001
2021/2/19,15660.49,15823.11,15840.16,15443.24,389976847,399001
2021/2/22,15818.77,15336.95,15818.77,15336.95,499458715,399001
2021/2/23,15174.72,15243.25,15411.03,15146.89,401025757,399001
2021/2/24,15281.4,14870.66,15318.85,14709.13,390506017,399001
2021/2/25,15016.63,14828.8,15036.42,14794.73,359680058,399001
2021/2/26,14480.74,14507.45,14713.12,14396.45,344992175,399001
2021/3/1,14670.11,14857.34,14864.58,14614.01,345047273,399001
2021/3/2,14958.22,14751.12,14987.07,14616.16,356856079,399001
2021/3/3,14679.84,14932.39,14932.39,14612.85,355071769,399001
2021/3/4,14780.9,14416.06,14780.9,14357.19,394177032,399001
2021/3/5,14156.01,14412.31,14531.99,14122.59,380474052,399001
2021/3/8,14513.79,13863.81,14597.75,13859.95,403288319,399001
2021/3/9,13803.25,13475.72,13844.23,13289.38,423493921,399001
2021/3/10,13721.24,13563.34,13750.26,13480.42,323860289,399001
2021/3/11,13598.2,13866.37,13904.47,13535.24,345429537,399001
2021/3/12,13934.23,13897.03,13934.23,13716.01,365574447,399001
2021/3/15,13793.52,13520.07,13793.52,13389.98,350777471,399001
2021/3/16,13574.56,13642.95,13652.55,13439.73,355213124,399001
2021/3/17,13605.78,13809.77,13842.88,13490.42,346442223,399001
2021/3/18,13850.6,13963.92,14003.77,13832.7,345129123,399001
2021/3/19,13738.21,13606,13837.23,13522.94,351720343,399001
2021/3/22,13605.7,13760.97,13797.3,13565.17,363003414,399001
2021/3/23,13754.88,13607.27,13794.47,13506.17,378007554,399001
2021/3/24,13529.93,13407.35,13651.9,13378.88,356871391,399001
2021/3/25,13318.97,13421.16,13489.29,13252.24,336651052,399001
2021/3/26,13493.36,13769.68,13810.97,13493.36,339440051,399001
2021/3/29,13802.51,13771.26,13895.61,13684.43,346056089,399001
2021/3/30,13751.21,13888.44,13933.32,13717.59,344427901,399001
2021/3/31,13870.71,13778.67,13870.71,13678.67,307597894,399001
2021/4/1,13812.64,13979.69,13992.75,13808.32,303168627,399001
2021/4/2,14042.13,14122.61,14178.1,14008.85,315603445,399001
2021/4/6,14176.21,14083.34,14194.36,14045.92,306439793,399001
2021/4/7,14100.85,13979.31,14100.85,13856.97,353216374,399001
2021/4/8,13906.82,13989.94,14037.45,13845.12,371110792,399001
2021/4/9,13965.21,13813.31,13977.28,13769.19,329891222,399001
2021/4/12,13811.59,13495.72,13867.16,13454.27,358445818,399001
2021/4/13,13490.39,13528.31,13671.36,13484,331435012,399001
2021/4/14,13550.87,13738,13756.74,13550.87,329418978,399001
2021/4/15,13705.13,13680.27,13705.13,13539.07,334500977,399001
2021/4/16,13718.23,13720.74,13755.45,13575.62,350580906,399001
2021/4/19,13714.39,14117.8,14121.21,13667.75,386402864,399001
2021/4/20,14062.5,14101.9,14215.28,14035.23,377912337,399001
2021/4/21,14010.59,14151.15,14176.95,13978.57,334944494,399001
2021/4/22,14219.24,14209.44,14244.49,14091.11,323863296,399001
2021/4/23,14213.36,14351.86,14386.62,14208.4,339826974,399001
2021/4/26,14419.85,14224.45,14529.43,14212.22,374636822,399001
2021/4/27,14211.58,14264.08,14266.6,14106.83,332469465,399001
2021/4/28,14238.56,14398.38,14398.96,14190.64,316299930,399001
2021/4/29,14416.85,14464.08,14516.22,14330.09,321125477,399001
2021/4/30,14437.17,14438.57,14522.46,14343.06,334698374,399001
2021/5/6,14355.4,14210.6,14398.58,14088.04,340721677,399001
2021/5/7,14243.71,13933.81,14280.04,13933.81,374631268,399001
2021/5/10,13945.78,13917.97,14035.6,13828.82,371141629,399001
2021/5/11,13814.28,13966.79,13996.7,13696.73,384836321,399001
2021/5/12,13922.15,14064.87,14078.33,13872.1,350865061,399001
2021/5/13,13907.18,13917.65,14027.55,13866.11,375178027,399001
2021/5/14,13960.33,14208.78,14214.14,13872.63,393512074,399001
2021/5/17,14234.7,14456.54,14538.76,14234.7,368414670,399001
2021/5/18,14462.41,14450.6,14497.9,14345.99,318020479,399001
2021/5/19,14399.76,14484.45,14544.2,14359.02,333265853,399001
2021/5/20,14455.61,14535.1,14582.4,14431.8,363477660,399001
2021/5/21,14582.07,14417.46,14634.6,14386.12,333801139,399001
2021/5/24,14436.36,14506.61,14506.61,14295.48,346864639,399001
2021/5/25,14533.95,14846.45,14862.19,14509.78,373859833,399001
2021/5/26,14850.28,14793.68,14860.64,14762.2,387486578,399001
2021/5/27,14796.05,14897.19,14955.3,14720.67,381108198,399001
2021/5/28,14899.33,14852.88,14977.25,14778.82,406059488,399001
2021/5/31,14874.89,14996.38,14996.38,14836.15,386280136,399001
2021/6/1,14963.95,15034.78,15039.02,14820.74,408299575,399001
2021/6/2,15044.94,14857.91,15051.21,14793.74,412423077,399001
2021/6/3,14850.51,14761.13,14947.6,14759.82,381460448,399001
2021/6/4,14704.19,14870.91,14989.21,14667.53,365385748,399001
2021/6/7,14879.49,14862.6,14883.55,14760.2,368529441,399001
2021/6/8,14867.95,14716.98,14973.81,14625.29,384769394,399001
2021/6/9,14698.35,14718.4,14762.64,14641.83,374275396,399001
2021/6/10,14715.14,14893.59,14940.3,14699.31,417002091,399001
2021/6/11,14918.49,14801.24,14920.87,14738.62,452636325,399001
2021/6/15,14806.69,14673.34,14829.97,14564.56,407939610,399001
2021/6/16,14663.48,14295.93,14667.24,14290.23,378002707,399001
2021/6/17,14291.94,14472.37,14489.51,14291.94,363403293,399001
2021/6/18,14510.56,14583.67,14635.5,14449.06,401390198,399001
2021/6/21,14563.05,14641.29,14721.69,14468.74,408885610,399001
2021/6/22,14678.37,14696.29,14706.5,14564.5,424480132,399001
2021/6/23,14713.84,14843.83,14882.14,14641.47,414389395,399001
2021/6/24,14876.73,14784.8,14877.64,14718.89,399919912,399001
2021/6/25,14799.53,15003.85,15036.77,14797.34,400202230,399001
2021/6/28,15049.77,15150.17,15166.56,15031.21,383096255,399001
2021/6/29,15187.81,14999.8,15187.81,14991.18,378668799,399001
2021/6/30,15015.29,15161.7,15175.75,14978.3,356128253,399001
2021/7/1,15203.07,15038.88,15206.15,15001.89,389507874,399001
2021/7/2,14937.73,14670.71,14937.73,14652.74,355554619,399001
2021/7/5,14666.68,14718.66,14782.57,14597.87,366939853,399001
2021/7/6,14745.45,14667.65,14779.3,14480.87,400447287,399001
2021/7/7,14592.75,14940.05,14966.23,14545.29,384821024,399001
2021/7/8,14984.25,14882.9,15033.34,14856.93,439891607,399001
2021/7/9,14805.81,14844.36,14887.6,14583.55,422903624,399001
2021/7/12,14970.13,15161.52,15222.17,14870.83,484442460,399001
2021/7/13,15151.09,15189.29,15232.15,15077.34,475437231,399001
2021/7/14,15141.04,15056.32,15215.63,15021.99,482609243,399001
2021/7/15,15014.91,15169.33,15170.64,14899.31,460528434,399001
2021/7/16,15144.08,14972.21,15165.75,14962.97,443357816,399001
2021/7/19,14958.62,14992.9,15033.6,14856.64,428204849,399001
2021/7/20,14879.27,15011.35,15031.88,14859.71,381815991,399001
2021/7/21,15070.17,15212.6,15264.1,15061.09,452527201,399001
2021/7/22,15258.73,15262.19,15290.06,15172.1,491053564,399001
2021/7/23,15248.25,15028.57,15248.25,14989.5,528056142,399001
2021/7/26,14982.9,14630.85,14982.9,14376.33,511818605,399001
2021/7/27,14640.26,14093.64,14741.87,14093.64,528560726,399001
2021/7/28,13967.44,14086.42,14207.39,13727.48,479015280,399001
2021/7/29,14390.29,14515.32,14544.11,14277.97,439058985,399001
2021/7/30,14482.78,14473.21,14522.12,14294.48,477543397,399001
2021/8/2,14463.21,14798.16,14806.86,14395.33,507482138,399001
2021/8/3,14745.91,14736.92,14844.52,14656.2,508005497,399001
2021/8/4,14715.75,14990.11,14990.11,14683.35,446623231,399001
2021/8/5,14901.96,14872.23,14990.65,14800.42,471332106,399001
2021/8/6,14902.69,14827.41,14915.73,14722.13,442732262,399001
2021/8/9,14738.37,14941.44,14980.15,14682.94,447591253,399001
2021/8/10,14919.52,15057.59,15057.59,14863.08,473971709,399001
2021/8/11,15048.87,15021.17,15101.13,14969.08,491529126,399001
2021/8/12,14972.49,14901.97,15037.58,14857.91,503465038,399001
2021/8/13,14839.51,14799.03,14994.61,14717.67,490216202,399001
2021/8/16,14756.48,14693.74,14800.22,14660.08,472002083,399001
2021/8/17,14696.19,14350.65,14750.93,14308.63,509253047,399001
2021/8/18,14371.82,14454.11,14500.14,14284.85,446857540,399001
2021/8/19,14456.18,14487.36,14570.63,14357.73,453525645,399001
2021/8/20,14376.9,14253.53,14448.92,14100.92,440685557,399001
2021/8/23,14296.95,14535.88,14558.47,14260.08,481272141,399001
2021/8/24,14558.96,14663.55,14710.01,14496.89,508316470,399001
2021/8/25,14657.65,14697.5,14697.5,14562.82,474861480,399001
2021/8/26,14701.92,14415.46,14701.92,14409.88,518249334,399001
2021/8/27,14382.18,14436.9,14537.15,14366.15,511404220,399001
2021/8/30,14482.97,14423.37,14546.74,14339.38,551681254,399001
2021/8/31,14407.94,14328.38,14418.26,14157.55,530028207,399001
2021/9/1,14336.07,14314.09,14418.61,14058.25,601813174,399001
2021/9/2,14294.54,14277.34,14348.82,14226.42,522249781,399001
2021/9/3,14295.56,14179.86,14302.9,14118.73,597863328,399001
2021/9/6,14184.42,14546.6,14567.14,14145.63,531572710,399001
2021/9/7,14543.84,14702.9,14724.63,14483.55,532235188,399001
2021/9/8,14706.88,14688.08,14789.09,14630.5,610923609,399001
2021/9/9,14666.05,14698.53,14716.73,14547.07,571295675,399001
2021/9/10,14673.45,14771.87,14811.51,14645.26,573881203,399001
2021/9/13,14776.82,14705.83,14833.88,14648.78,549520224,399001
2021/9/14,14699.22,14626.08,14844.26,14589.72,577552590,399001
2021/9/15,14590.8,14536.31,14602.34,14476.19,515258089,399001
2021/9/16,14527.1,14258.13,14550.31,14258.13,571644428,399001
2021/9/17,14224.61,14359.36,14383.62,14136.47,509000414,399001
2021/9/22,14139.9,14277.08,14311.96,14117.63,435910687,399001
2021/9/23,14380.09,14387.36,14416.37,14338.99,515307454,399001
2021/9/24,14359.11,14357.85,14514.39,14307.68,488477290,399001
2021/9/27,14430.04,14344.29,14527.77,14253.15,512315118,399001
2021/9/28,14307.53,14313.82,14425.16,14243.2,381380519,399001
2021/9/29,14202.4,14079.02,14235.88,14020.56,412588024,399001
2021/9/30,14124.08,14309.01,14337.5,14124.08,352613793,399001
2021/10/8,14457.94,14414.16,14489.33,14348.98,401478900,399001
2021/10/11,14440.82,14367.6,14484.39,14338.47,373827654,399001
2021/10/12,14335.54,14135.38,14335.54,14006.65,393850895,399001
2021/10/13,14140.42,14353.08,14358.5,14112.91,339658920,399001
2021/10/14,14350.63,14341.38,14399.92,14293.53,341200294,399001
2021/10/15,14294.18,14415.99,14440.58,14232.03,383655008,399001
2021/10/18,14393.18,14350.02,14393.18,14218.61,361564199,399001
2021/10/19,14352.93,14499.77,14504.24,14352.93,358298685,399001
2021/10/20,14500.46,14452.25,14552.57,14431.63,378117576,399001
2021/10/21,14466.42,14444.86,14501.45,14348.12,372311279,399001
2021/10/22,14467.37,14492.82,14582.79,14454.86,382262504,399001
2021/10/25,14491.35,14596.72,14599,14452.88,362803313,399001
2021/10/26,14658.99,14552.82,14682.43,14531.48,386830497,399001
2021/10/27,14510.45,14393.51,14510.45,14348.05,398325128,399001
2021/10/28,14350.91,14244.82,14407.66,14188.29,391846982,399001
2021/10/29,14242.68,14451.38,14457.44,14199.59,380014383,399001
2021/11/1,14393.58,14476.53,14569.23,14344.48,409694011,399001
2021/11/2,14476.9,14377.27,14558.36,14248,443834167,399001
2021/11/3,14365.21,14367.78,14458.62,14287.34,360786565,399001
2021/11/4,14440.22,14555.27,14557.94,14420.14,384931830,399001
2021/11/5,14536.6,14462.62,14623.48,14462.59,445734089,399001
2021/11/8,14451.59,14508.86,14532.72,14400.84,401022965,399001
2021/11/9,14538.62,14571.93,14581.42,14463.77,388860385,399001
2021/11/10,14521.72,14515.88,14536.63,14302.8,426612098,399001
2021/11/11,14497.98,14699.74,14708.12,14479.37,453880792,399001
2021/11/12,14708.6,14705.37,14732.35,14646.49,448411964,399001
2021/11/15,14724.34,14636.39,14732.05,14578.23,465602016,399001
2021/11/16,14626.87,14613.97,14736.37,14597.04,458179339,399001
2021/11/17,14646.66,14711.18,14711.18,14596.89,437931667,399001
2021/11/18,14685.79,14579.17,14685.79,14555.22,479263932,399001
2021/11/19,14569.93,14752.49,14761.53,14552.67,461993854,399001
2021/11/22,14778.58,14960.66,14961.79,14776.04,477183999,399001
2021/11/23,14929.24,14905.13,14954.85,14874.43,480711645,399001
2021/11/24,14908.97,14887.6,14942.96,14864.89,477783590,399001
2021/11/25,14884.85,14827.95,14897.18,14819.68,446980497,399001
2021/11/26,14802.02,14777.17,14862.93,14745.59,441289630,399001
2021/11/29,14635.48,14810.2,14825.43,14633.06,435390977,399001
2021/11/30,14854.52,14795.73,14870.23,14712.82,473012832,399001
2021/12/1,14794.37,14794.25,14824.81,14724.72,460441181,399001
2021/12/2,14769.69,14765.56,14834.79,14740.24,478637879,399001
2021/12/3,14772.67,14892.05,14892.05,14767.45,433966983,399001
2021/12/6,14872.55,14752.96,14942.24,14742.1,467776998,399001
2021/12/7,14845.02,14697.17,14861.38,14602.73,450142170,399001
2021/12/8,14748.65,14964.46,14964.46,14733.89,408102745,399001
2021/12/9,14965.44,15147.87,15193.68,14957.34,470547554,399001
2021/12/10,15044.68,15111.56,15148.78,15026.37,453860026,399001
2021/12/13,15166.16,15212.49,15288.65,15151.8,475162325,399001
2021/12/14,15171.05,15136.78,15185.25,15109.06,461568426,399001
2021/12/15,15112.18,15026.21,15187.26,15012.75,475018502,399001
2021/12/16,15047.47,15112.81,15112.81,14977.45,474491508,399001
2021/12/17,15075.23,14867.55,15075.23,14867.25,504183204,399001
2021/12/20,14818.42,14569.18,14902.13,14551.36,504639909,399001
2021/12/21,14559.72,14688.98,14702.38,14547.6,480362783,399001
2021/12/22,14723.41,14791.33,14813.04,14709.4,531632653,399001
2021/12/23,14818.99,14863.93,14878.95,14790.45,492400676,399001
2021/12/24,14872.42,14710.33,14887.46,14674.14,507365222,399001
2021/12/27,14704.29,14715.65,14802.35,14652.42,436106669,399001
2021/12/28,14736.73,14837.87,14841.88,14696.45,432157118,399001
2021/12/29,14828.19,14653.82,14828.19,14645.2,424280068,399001
2021/12/30,14652.08,14796.23,14846.82,14652.08,455430806,399001
2021/12/31,14842.07,14857.35,14871.98,14797.11,468675226,399001
2022/1/4,14935.23,14791.31,14941.19,14681.71,570546865,399001
2022/1/5,14752.08,14525.76,14767.22,14469.37,583832784,399001
2022/1/6,14432.46,14429.51,14497.77,14298.48,513516007,399001
2022/1/7,14449.54,14343.65,14495.67,14331.98,561849848,399001
2022/1/10,14304.86,14406.97,14430.09,14194.35,463125105,399001
2022/1/11,14402.22,14223.35,14433.56,14201.9,475474032,399001
2022/1/12,14316.53,14421.2,14426.12,14293.41,466111365,399001
2022/1/13,14440.98,14138.34,14440.98,14138.34,495139094,399001
2022/1/14,14054.67,14150.57,14219.44,14039.87,506382268,399001
2022/1/17,14163,14363.57,14374.47,14159.27,505321980,399001
2022/1/18,14365.19,14391.39,14444.54,14285.63,548870207,399001
2022/1/19,14376.36,14207.19,14413.38,14120.24,483398527,399001
2022/1/20,14188.51,14198.3,14312,14149.5,517115385,399001
2022/1/21,14144.22,14029.55,14181.62,13991.64,438784152,399001
2022/1/24,13941.9,14081.8,14133.04,13918.99,371844184,399001
2022/1/25,14018.93,13683.89,14091.88,13682.72,446105457,399001
2022/1/26,13742.03,13780.3,13820.94,13580.4,351288315,399001
2022/1/27,13756.87,13398.84,13773.5,13395.36,373194453,399001
2022/1/28,13515.47,13328.06,13553.22,13227.83,358892927,399001
2022/2/7,13558.94,13456.65,13632.45,13412.2,371634394,399001
2022/2/8,13432.08,13325.41,13432.33,13051.8,394133103,399001
2022/2/9,13321.81,13531.31,13541.87,13283.2,430442323,399001
2022/2/10,13537.31,13432.07,13537.31,13339.5,408941572,399001
2022/2/11,13360.4,13224.38,13452.72,13206.63,441761801,399001
2022/2/14,13140.35,13123.21,13280.08,13049.45,391449471,399001
2022/2/15,13143.1,13345.63,13346.67,13138.44,371391608,399001
2022/2/16,13403.64,13376.36,13446.06,13339.8,375308775,399001
2022/2/17,13360.46,13422.9,13490.86,13322.69,429285613,399001
2022/2/18,13334.9,13459.68,13460.21,13316.47,388370497,399001
2022/2/21,13464.85,13471.16,13503.09,13404.73,448012142,399001
2022/2/22,13384.03,13297.11,13384.03,13216.63,456917841,399001
2022/2/23,13319.87,13549.99,13553.27,13319.87,454061013,399001
2022/2/24,13459.01,13252.24,13538.71,13093.97,629045621,399001
2022/2/25,13383.24,13412.92,13540.99,13383.24,434650891,399001
2022/2/28,13397.93,13455.73,13457.61,13279.32,397940260,399001
2022/3/1,13493.28,13488.64,13517.25,13393.85,399261092,399001
2022/3/2,13412.9,13346.96,13412.9,13267.55,400429912,399001
2022/3/3,13397.97,13201.82,13407.04,13187.74,451125702,399001
2022/3/4,13089.42,13020.46,13204.24,12972.24,448266776,399001
2022/3/7,12930.73,12573.43,12930.73,12523.45,430338499,399001
2022/3/8,12594.6,12244.5,12653.46,12178.18,485660820,399001
2022/3/9,12282.15,12107.17,12337.77,11598.39,521187995,399001
2022/3/10,12421.76,12370.95,12486.91,12331.51,457351733,399001
2022/3/11,12181.48,12447.37,12464.5,12043.38,446429139,399001
2022/3/14,12315.77,12063.63,12389.41,12063.63,410957922,399001
2022/3/15,11948.63,11537.24,12086.04,11537.24,491133199,399001
2022/3/16,11765.31,12000.96,12034.46,11331.23,510653177,399001
2022/3/17,12228.84,12289.97,12497.86,12218.17,530552561,399001
2022/3/18,12222.22,12328.65,12368.59,12141.75,452016282,399001
2022/3/21,12385.87,12379.64,12469.98,12257.67,472491318,399001
2022/3/22,12350.73,12318.78,12410.47,12269.17,464501508,399001
2022/3/23,12373.51,12408.65,12436.21,12291.37,450677512,399001
2022/3/24,12339.14,12305.5,12384.78,12188.58,440692827,399001
2022/3/25,12315.35,12072.73,12330.95,12072.73,437184680,399001
2022/3/28,11969,11949.94,12053.2,11835.33,423332988,399001
2022/3/29,11983.54,11895.08,12050.85,11857.37,425132253,399001
2022/3/30,11969.36,12263.8,12263.8,11961.06,450967898,399001
2022/3/31,12208.99,12118.25,12220.06,12090.29,498906066,399001
2022/4/1,12040.01,12227.93,12275.08,12009.21,470576213,399001
2022/4/6,12220.78,12172.91,12238.02,12091.98,484429217,399001
2022/4/7,12101.37,11972.02,12205.1,11971.33,478578704,399001
2022/4/8,11988.05,11959.27,12001.59,11799.02,462484667,399001
2022/4/11,11876.18,11520.21,11876.18,11482.73,463261840,399001
2022/4/12,11523.28,11756.38,11756.38,11439.59,449765611,399001
2022/4/13,11669.08,11568.17,11744.25,11568.17,438713002,399001
2022/4/14,11662.59,11714.62,11787.12,11587.87,406771251,399001
2022/4/15,11626.05,11648.57,11737.79,11552.78,438335829,399001
2022/4/18,11557.52,11691.47,11710.84,11459.84,364605683,399001
2022/4/19,11691.76,11633.32,11771.55,11584.24,357166481,399001
2022/4/20,11619.74,11392.23,11641.45,11360.08,399133477,399001
2022/4/21,11328.71,11084.28,11429.78,11038.38,429251535,399001
2022/4/22,11016.68,11051.7,11151.66,10896.92,372203851,399001
2022/4/25,10840.36,10379.28,10866.64,10379.06,457612443,399001
2022/4/26,10401.99,10206.64,10548.96,10181.17,433566387,399001
2022/4/27,10090.98,10652.9,10652.93,10087.53,476208436,399001
2022/4/28,10607.79,10628.92,10743.17,10498.66,408975483,399001
2022/4/29,10719.45,11021.44,11029.94,10631.14,464934270,399001
2022/5/5,10928.68,11046.38,11146.02,10897.26,409979608,399001
2022/5/6,10775.31,10809.88,10913.69,10748.87,375395433,399001
2022/5/9,10743.03,10765.63,10867.61,10698.67,339109143,399001
2022/5/10,10601.4,10912.74,10938.58,10560.78,411328211,399001
2022/5/11,10921.03,11109.48,11334.76,10917.1,506951048,399001
2022/5/12,11029.34,11094.87,11173.02,11006.32,404425813,399001
2022/5/13,11167.59,11159.79,11204.55,11044.46,384838062,399001
2022/5/16,11251.27,11093.37,11296,11067.06,408409471,399001
2022/5/17,11095.4,11230.16,11230.74,11059.83,387156788,399001
2022/5/18,11249.28,11208.08,11300.22,11151.22,393883576,399001
2022/5/19,11035.96,11250.06,11250.06,11019.08,414314099,399001
2022/5/20,11311.81,11454.53,11454.53,11292.14,446303249,399001
2022/5/23,11468.81,11447.95,11475.18,11343.21,420200659,399001
2022/5/24,11429.93,11065.92,11429.93,11065.92,488680892,399001
2022/5/25,11062.63,11143.18,11143.97,11009.73,374752912,399001
2022/5/26,11149.31,11206.82,11276.2,10984.75,400141811,399001
2022/5/27,11290,11193.59,11379.93,11126.75,397628667,399001
2022/5/30,11248.51,11310.28,11327.05,11185.95,374347581,399001
2022/5/31,11313.41,11527.62,11543.18,11241.03,420569051,399001
2022/6/1,11507.49,11551.27,11592.47,11467.86,407924439,399001
2022/6/2,11492.97,11628.31,11637.53,11470.89,406158051,399001
2022/6/6,11636.68,11938.12,11941.17,11602.4,461702057,399001
2022/6/7,11937.28,11935.57,12004.58,11857.45,454574893,399001
2022/6/8,11947.75,12033.26,12040.35,11815.29,476121212,399001
2022/6/9,12002.81,11810.58,12006.02,11761.21,431076830,399001
2022/6/10,11733.35,12035.15,12039.47,11724.24,440546769,399001
2022/6/13,11922.56,11999.31,12056.53,11881.08,463249991,399001
2022/6/14,11854.17,12023.79,12028.14,11644.35,487599958,399001
2022/6/15,12052.74,12137.76,12356.31,12038.8,560954014,399001
2022/6/16,12146.85,12150.96,12274.18,12101.49,488078232,399001
2022/6/17,12045.84,12331.14,12355.34,12036.27,464360786,399001
2022/6/20,12405.12,12487.13,12587.95,12372.07,475333978,399001
2022/6/21,12477.73,12423.86,12542.72,12299.95,490276081,399001
2022/6/22,12437.69,12246.55,12445.16,12240.78,438776894,399001
2022/6/23,12273.38,12514.73,12514.73,12177.26,471908900,399001
2022/6/24,12553.56,12686.03,12690.54,12516.71,501254049,399001
2022/6/27,12742.55,12825.57,12911.24,12742.55,514242619,399001
2022/6/28,12823.65,12982.69,13001.54,12718.25,535029551,399001
2022/6/29,12930.43,12696.5,12998.63,12682.93,578819363,399001
2022/6/30,12710.25,12896.2,12970.65,12710.25,502894731,399001
2022/7/1,12899.47,12860.36,12941.06,12805.73,455783515,399001
2022/7/4,12813.49,13026.25,13026.25,12751.08,458436528,399001
2022/7/5,13057.24,12973.11,13121.39,12798.01,493969472,399001
2022/7/6,12935.42,12811.33,12997.41,12700.48,451141927,399001
2022/7/7,12826.09,12935.85,12962.99,12732.7,453546935,399001
2022/7/8,12998.56,12857.13,13034.46,12848.63,464011816,399001
2022/7/11,12798.42,12617.23,12798.42,12514.98,451243337,399001
2022/7/12,12616.84,12439.27,12657.49,12396.91,444283747,399001
2022/7/13,12441.72,12508.89,12562.95,12323.2,445105517,399001
2022/7/14,12479.22,12602.78,12695.2,12452.13,469480639,399001
2022/7/15,12557.15,12411.01,12687.67,12411.01,505839026,399001
2022/7/18,12456.22,12532.65,12559.07,12304.12,473232609,399001
2022/7/19,12524.51,12494.77,12569.95,12402.11,485702640,399001
2022/7/20,12551.43,12573.12,12625.63,12518.42,460614590,399001
2022/7/21,12543.58,12455.19,12601,12455.19,486417366,399001
2022/7/22,12501.34,12394.02,12553.27,12289.2,464840150,399001
2022/7/25,12386.55,12291.59,12414.07,12251.08,433572939,399001
2022/7/26,12308.74,12408.56,12453.11,12266.84,423353036,399001
2022/7/27,12383.05,12399.69,12439.22,12331.7,443864105,399001
2022/7/28,12467.76,12428.72,12550.9,12407.07,504869927,399001
2022/7/29,12439.41,12266.92,12460.19,12245.21,485462578,399001
2022/8/1,12243.33,12413.87,12420.23,12158.85,454766236,399001
2022/8/2,12260.45,12120.02,12273.37,12008.17,596422298,399001
2022/8/3,12148.24,11982.26,12294.88,11946.46,525849018,399001
2022/8/4,12055.35,12065.22,12103.38,11926.51,428255877,399001
2022/8/5,12088.65,12269.21,12275.96,12051.4,454849809,399001
2022/8/8,12239.87,12302.15,12304.23,12219.02,424214874,399001
2022/8/9,12277.44,12331.09,12333.38,12235.83,425183711,399001
2022/8/10,12302.57,12223.51,12347.15,12166.23,427925375,399001
2022/8/11,12287.8,12474.03,12475.17,12231.08,488906602,399001
2022/8/12,12453.4,12419.39,12493.78,12417.49,490390438,399001
2022/8/15,12392.5,12460.22,12531.77,12386.16,457298528,399001
2022/8/16,12470.65,12470.11,12553.69,12441.96,490212239,399001
2022/8/17,12481.71,12595.46,12611.49,12391.45,511868514,399001
2022/8/18,12557.34,12517.32,12576.62,12496.79,502579425,399001
2022/8/19,12504.48,12358.55,12521.76,12358.55,518742439,399001
2022/8/22,12320.88,12505.68,12509.91,12291.82,463803681,399001
2022/8/23,12481.24,12455.15,12525.01,12405.58,460671129,399001
2022/8/24,12484.44,12096.39,12491.17,12082.44,542031759,399001
2022/8/25,12130.76,12104.03,12159.8,11949.76,468367750,399001
2022/8/26,12142.05,12059.71,12210.01,12039.74,423200607,399001
2022/8/29,11911.17,12018.16,12044.52,11890.49,395382392,399001
2022/8/30,12013.92,11970.79,12039.19,11905,409453173,399001
2022/8/31,11909.31,11815.79,11968.46,11743.69,459835903,399001
2022/9/1,11789.82,11712.39,11888.06,11696.58,393197405,399001
2022/9/2,11753.6,11702.39,11765.01,11644.03,371281614,399001
2022/9/5,11667.05,11678.69,11714.41,11597.73,365345250,399001
2022/9/6,11702.17,11799.81,11802.71,11624.82,402594159,399001
2022/9/7,11743.47,11849.08,11894.56,11724.28,417413878,399001
2022/9/8,11858.53,11746.92,11865.97,11739.57,395047991,399001
2022/9/9,11780.82,11877.79,11885.46,11750.44,375617629,399001
2022/9/13,11936.58,11923.47,11966.17,11874.19,365038769,399001
2022/9/14,11751.11,11774.78,11841.18,11703.76,355327916,399001
2022/9/15,11823.8,11526.96,11832.46,11427.51,443030060,399001
2022/9/16,11492.69,11261.5,11509.98,11261.5,392660433,399001
2022/9/19,11241.78,11207.04,11318.01,11149.98,329594959,399001
2022/9/20,11274.86,11283.92,11364.16,11229.91,320491738,399001
2022/9/21,11245.84,11208.51,11259.31,11117.37,333907929,399001
2022/9/22,11122.11,11114.43,11241.12,11094.74,321627173,399001
2022/9/23,11105.76,11006.41,11146.79,10899.59,340925085,399001
2022/9/26,10921.64,10962.56,11141.59,10908.96,327208261,399001
2022/9/27,10999.1,11175.12,11175.12,10959.82,320916907,399001
2022/9/28,11136.18,10899.7,11136.18,10899.7,323972352,399001
2022/9/29,11023.83,10919.44,11045.98,10864.49,314504672,399001
2022/9/30,10925.01,10778.61,10962.22,10777.91,283223132,399001
2022/10/10,10788.69,10522.12,10801.34,10500.77,298150773,399001
2022/10/11,10555.06,10577.81,10617.92,10487.66,277287498,399001
2022/10/12,10568.01,10838.48,10838.63,10402.06,347135440,399001
2022/10/13,10762.67,10817.67,10923.92,10737.3,352459169,399001
2022/10/14,10914.18,11121.72,11177.23,10890.19,390341470,399001
2022/10/17,11059.23,11162.26,11173.39,11041.58,382488133,399001
2022/10/18,11223.15,11187.7,11270.48,11135.47,388144933,399001
2022/10/19,11154.13,11027.24,11197.15,11027.24,365583539,399001
2022/10/20,10948.43,10965.33,11126.16,10832.09,375346701,399001
2022/10/21,10955.84,10918.97,11000.39,10875.18,343830151,399001
2022/10/24,10908.74,10694.61,11043.03,10635.35,407224612,399001
2022/10/25,10644.67,10639.82,10760.67,10510.91,391931260,399001
2022/10/26,10664.43,10818.33,10928.45,10657.02,438412943,399001
2022/10/27,10843.34,10750.14,10886.1,10750.14,426569080,399001
2022/10/28,10659.7,10401.84,10698.69,10368.91,440106690,399001
2022/10/31,10304.2,10397.04,10518.39,10301.71,395020256,399001
2022/11/1,10420.95,10734.25,10734.25,10395.56,424965410,399001
2022/11/2,10704.25,10877.51,10951.45,10687.21,466416166,399001
2022/11/3,10766.22,10840.06,10877.74,10754.29,400924659,399001
2022/11/4,10848.3,11187.43,11226.21,10848.3,466117158,399001
2022/11/7,11184.16,11207.73,11272.8,11127.25,455136444,399001
2022/11/8,11202.44,11142.93,11212.54,11055.08,399511530,399001
2022/11/9,11149.37,11055.29,11185.51,11049.33,393693811,399001
2022/11/10,10964.94,10908.55,10979.71,10848.48,426394700,399001
2022/11/11,11217.11,11139.77,11272.16,11085.93,598274247,399001
2022/11/14,11177.07,11113.46,11260.86,11067.89,518247742,399001
2022/11/15,11100.23,11351.33,11351.33,11069.15,503671259,399001
2022/11/16,11336.07,11235.56,11385.87,11220.33,466187381,399001
2022/11/17,11199.62,11221.45,11221.45,11077.6,438822708,399001
2022/11/18,11229.11,11180.43,11310.22,11171.19,492221658,399001
2022/11/21,11086.69,11134.47,11137.63,11014.96,420524479,399001
2022/11/22,11113.32,11002.93,11152,10960.88,433756297,399001
2022/11/23,10971,10972.81,11025.48,10842.59,405799674,399001
2022/11/24,11019.47,10956.68,11061.36,10927.85,376262826,399001
2022/11/25,10928.15,10904.27,10962.14,10881.08,368960495,399001
2022/11/28,10708.56,10829.08,10833.27,10657.89,375381583,399001
2022/11/29,10891.72,11089.01,11112.73,10888.54,469714685,399001
2022/11/30,11071.31,11108.5,11140.5,11044.03,477400249,399001
2022/12/1,11282.46,11264.16,11350.48,11262.81,494705772,399001
2022/12/2,11238.44,11219.79,11312.32,11206.78,428852017,399001
2022/12/5,11292.34,11323.35,11338.86,11250.62,489374883,399001
2022/12/6,11278.48,11398.82,11465.41,11264.47,455796410,399001
2022/12/7,11365.98,11418.76,11504.39,11358.68,445500813,399001
2022/12/8,11403.19,11389.79,11429.77,11343.57,440019801,399001
2022/12/9,11397.1,11501.58,11511.32,11360.15,464345892,399001
2022/12/12,11453.26,11399.13,11457.09,11392.89,430329041,399001
2022/12/13,11398.84,11323.7,11400.01,11312.1,409092170,399001
2022/12/14,11341.96,11321.81,11375.22,11298.43,406111741,399001
2022/12/15,11306.79,11358.11,11371.18,11269.61,392689173,399001
2022/12/16,11289.52,11295.03,11327.27,11234.62,404009947,399001
2022/12/19,11286.66,11124.7,11329.56,11083.85,400705350,399001
2022/12/20,11092.86,10949.12,11092.86,10908.53,328218210,399001
2022/12/21,10966.31,10912.09,11001.15,10872.27,315182795,399001
2022/12/22,10976.57,10876.31,11034.67,10840.3,347408567,399001
2022/12/23,10811.57,10849.64,10918.18,10794.14,315967227,399001
2022/12/26,10858.33,10978.99,10996.64,10858.33,318664168,399001
2022/12/27,11010.93,11106.5,11115.77,11000.11,347696816,399001
2022/12/28,11055.06,11010.53,11061.19,10975.13,346226478,399001
2022/12/29,10971.27,10996.41,11064.02,10956.95,323094665,399001
2022/12/30,11046.07,11015.99,11071.93,11013.32,322540533,399001
2023/1/3,11003.05,11117.13,11134.96,10921.42,397899643,399001
2023/1/4,11099.15,11095.37,11149.15,11035.77,412144084,399001
2023/1/5,11136.77,11332.01,11346.22,11136.77,410853816,399001
2023/1/6,11327.03,11367.73,11443.45,11314.35,407144027,399001
2023/1/9,11411.37,11450.15,11490.59,11408.67,360313472,399001
2023/1/10,11455.6,11506.79,11526.28,11413.99,342008406,399001
2023/1/11,11498.97,11439.44,11563.78,11424.25,349159804,399001
2023/1/12,11470.61,11465.73,11528.93,11425.11,340072634,399001
2023/1/13,11509.21,11602.3,11602.3,11489.19,331434486,399001
2023/1/16,11612.36,11785.77,11886.95,11612.36,392756664,399001
2023/1/17,11794.96,11800.55,11830.58,11746.76,331375770,399001
2023/1/18,11813.38,11810.66,11855.44,11793.32,314382506,399001
2023/1/19,11796.4,11913.26,11913.26,11763.82,326621913,399001
2023/1/20,11942.15,11980.62,11997.53,11931.88,343456691,399001
2023/1/30,12229.38,12097.76,12246.01,12088.24,485925549,399001
2023/1/31,12076.14,12001.26,12115.45,11987.01,445449977,399001
2023/2/1,12034.88,12158.19,12158.19,11984.45,498656713,399001
2023/2/2,12187.55,12131.2,12208.88,12107.52,490735378,399001
2023/2/3,12086.28,12054.3,12095.39,11904.28,447992474,399001
2023/2/6,11957.27,11912.56,11977.24,11841.67,424219892,399001
2023/2/7,11936.36,11926.88,11958.22,11864.72,440822034,399001
2023/2/8,11939.86,11853.46,11957.01,11843.29,428272279,399001
2023/2/9,11821.96,12048.27,12048.27,11811.98,442551618,399001
2023/2/10,12031.72,11976.85,12062.16,11917.74,458163546,399001
2023/2/13,11964.75,12113.61,12116.04,11952.6,466500205,399001
2023/2/14,12142.83,12094.94,12143.29,12035.55,448099798,399001
2023/2/15,12103.72,12064.38,12132.8,12036.23,464237085,399001
2023/2/16,12064.04,11907.4,12163.97,11826.72,603109668,399001
2023/2/17,11894.88,11715.77,11927.11,11713.8,452502268,399001
2023/2/20,11717.68,11954.13,11956.89,11681.53,438487047,399001
2023/2/21,11947.65,11968.6,12005,11886.24,430156398,399001
2023/2/22,11892.14,11900.12,11963.21,11868.79,369593896,399001
2023/2/23,11895.46,11884.3,11963.14,11829.87,382701855,399001
2023/2/24,11887.77,11787.45,11889.24,11742.73,326405502,399001
2023/2/27,11728.09,11701.95,11781.28,11678.8,337795673,399001
2023/2/28,11745.16,11783.8,11792.68,11666.37,346662457,399001
2023/3/1,11783.76,11914.32,11931.1,11751.36,415273775,399001
2023/3/2,11902.17,11849.51,11929.15,11837.12,430983053,399001
2023/3/3,11862.16,11851.92,11895.97,11770.34,386886331,399001
2023/3/6,11850.82,11842.88,11862.37,11742.13,385843289,399001
2023/3/7,11824.17,11608.58,11839.61,11606.19,408967132,399001
2023/3/8,11566.57,11598.29,11617.94,11534.67,314567554,399001
2023/3/9,11605.94,11579.99,11637.03,11525.23,328391194,399001
2023/3/10,11513.66,11442.54,11535.54,11437.99,361217066,399001
2023/3/13,11405.14,11505.02,11511.12,11396.61,363383446,399001
2023/3/14,11483.65,11416.57,11486.56,11282.58,397559735,399001
2023/3/15,11485.95,11413.43,11537.72,11408.19,350589630,399001
2023/3/16,11336.75,11237.7,11381.73,11223.1,357606532,399001
2023/3/17,11328.37,11278.05,11388.52,11245.15,405882900,399001
2023/3/20,11289.96,11247.13,11342.03,11231.01,438320664,399001
2023/3/21,11270.07,11427.25,11427.25,11270.07,387093061,399001
2023/3/22,11459.83,11496.93,11521.42,11448.19,445982825,399001
2023/3/23,11457.79,11605.29,11605.29,11442.95,437895647,399001
2023/3/24,11616.46,11634.22,11648.54,11581.42,478515088,399001
2023/3/27,11621.92,11647.94,11659,11558.38,494233913,399001
2023/3/28,11637.51,11564.45,11649.15,11548.42,445698587,399001
2023/3/29,11584.91,11579.91,11623.43,11538.17,413628273,399001
2023/3/30,11578.33,11651.83,11656.48,11505.55,392133461,399001
2023/3/31,11666.31,11726.4,11737.28,11657.57,399574951,399001
2023/4/3,11751.68,11889.42,11898.76,11751.68,497684518,399001
2023/4/4,11878.16,11859.48,11885.38,11792.24,508157670,399001
2023/4/6,11787.35,11866.31,11874.8,11778.8,454470636,399001
2023/4/7,11867.87,11967.74,11979.59,11858.5,427643908,399001
2023/4/10,11987.68,11871.93,11992.32,11845.88,478246743,399001
2023/4/11,11866.35,11877.15,11914.32,11819.76,422999015,399001
2023/4/12,11873.26,11883.51,11912.95,11842.26,452128995,399001
2023/4/13,11836.82,11739.84,11844.4,11727.89,470195676,399001
2023/4/14,11760.43,11800.09,11816.68,11737.3,439773804,399001
2023/4/17,11783.68,11855.48,11855.48,11781.29,423413042,399001
2023/4/18,11834.77,11860.4,11891.11,11818.25,397866670,399001
2023/4/19,11844.32,11760.27,11844.32,11743.85,414923105,399001
2023/4/20,11751.38,11717.26,11751.38,11659.65,433953327,399001
2023/4/21,11729.8,11450.43,11751.41,11450.13,479311979,399001
2023/4/24,11442.38,11317.01,11452.91,11265.77,427155287,399001
2023/4/25,11307.09,11149.01,11320.45,11034.18,463773505,399001
2023/4/26,11101.18,11185.68,11244.04,11088.2,438565413,399001
2023/4/27,11140.89,11217,11258.76,11128.11,415685322,399001
2023/4/28,11228.46,11338.67,11340.46,11228.46,453472498,399001
2023/5/4,11310.35,11273.87,11329,11242.12,481896827,399001
2023/5/5,11260.62,11180.87,11262.33,11124.91,441892037,399001
2023/5/8,11206.33,11225.77,11234.92,11158.83,439261518,399001
2023/5/9,11208.74,11125.02,11265.33,11121.97,479507408,399001
2023/5/10,11101.01,11140.19,11177.81,11043.36,393848082,399001
2023/5/11,11158.72,11142.53,11200.91,11136.26,384549481,399001
2023/5/12,11131.3,11005.64,11172.71,11004.26,367186987,399001
2023/5/15,11019.7,11178.62,11178.62,10995.7,384146337,399001
2023/5/16,11182.36,11099.26,11182.36,11069.44,353215293,399001
2023/5/17,11084.56,11091.08,11120.97,11036.77,325935158,399001
2023/5/18,11108.33,11078.28,11144.48,11024.09,371166643,399001
2023/5/19,11061.75,11091.36,11145.51,11034.63,355120996,399001
2023/5/22,11083.38,11127.04,11159.31,11037.21,345197485,399001
2023/5/23,11124.26,11012.58,11137.63,11012.58,339330348,399001
2023/5/24,10976.73,10920.33,11028.57,10920.33,345166509,399001
2023/5/25,10915.12,10896.58,10954.24,10801.22,376978170,399001
2023/5/26,10889.27,10909.65,10926.84,10798.65,357093537,399001
2023/5/29,10942.67,10822.09,10961.79,10790.5,394727001,399001
2023/5/30,10799.4,10869.55,10869.55,10697.87,397341086,399001
2023/5/31,10849.81,10793.85,10849.81,10732.42,388079766,399001
2023/6/1,10758.89,10835.9,10913.64,10735.51,419041309,399001
2023/6/2,10875.31,10998.07,11012.55,10875.31,406446845,399001
2023/6/5,10990.73,10946.08,10990.73,10903.05,375801794,399001
2023/6/6,10928.51,10773.45,10933.61,10752.22,414938520,399001
2023/6/7,10783.31,10708.82,10799.46,10681.48,348520501,399001
2023/6/8,10710.91,10722.87,10775.34,10648.14,369611572,399001
2023/6/9,10733.52,10793.93,10793.93,10697.36,408492315,399001
2023/6/12,10769.02,10873.74,10914.62,10752.01,403745489,399001
2023/6/13,10855.44,10955.96,10963.65,10853.57,397547211,399001
2023/6/14,10976.51,10984.56,11034.18,10962.45,425611977,399001
2023/6/15,11011.95,11182.94,11185.68,11011.85,430623753,399001
2023/6/16,11194.55,11306.53,11316.24,11183.79,424162110,399001
2023/6/19,11305.79,11274.05,11307.75,11244.42,426762540,399001
2023/6/20,11260.15,11305.35,11338.15,11248.14,423830265,399001
